Unnamed: 0,Q,CA,A,R
1A.1,"There is a shoe box, inside of it there are kids’ toys. The box is made out of see-through cardboard, so you can see what is inside. Yet, there is ""nike shoes"" printed on the label. Jake finds the shoe box, which he had never seen before. He reads the label. Jake is a shoe enthusiast, he is delighted to find it. True/False?",FALSE,"False.

Explanation: The box is made of see-through cardboard, so Jake can clearly see that it contains kids' toys, not Nike shoes. As a shoe enthusiast, Jake would likely realize upon first glance that the contents do not match the label, which could lead to disappointment rather than delight. Therefore, the statement that he is ""delighted to find it"" does not logically follow from the given details.","First, the scenario: There's a shoe box made of see-through cardboard, so you can see inside that it's full of kids' toys. But the label says ""nike shoes."" Jake, who is a shoe enthusiast, finds this box, reads the label, and gets delighted.

The question is: Is this statement true or false? The statement seems to be the entire description, but I think it's asking if Jake's delight is justified or if the overall situation makes sense as true.

The user says: ""Jake finds the shoe box, which he had never seen before. He reads the label. Jake is a shoe enthusiast, he is delighted to find it. True/False?""

So, it's presenting a narrative and asking if it's true or false. But true or false of what exactly? Probably, whether Jake's reaction is logical based on the information.

Key points:

- The box is see-through, so Jake can see inside that it's toys, not shoes.

- The label says ""nike shoes,"" which might mislead someone.

- Jake is a shoe enthusiast, so he might be excited about finding what he thinks are Nike shoes.

- But since the box is see-through, he should be able to see that it's not shoes; it's toys.

The narrative says: ""He reads the label."" It doesn't explicitly say whether he looks inside or not.

However, the box is see-through, so presumably, when he finds it, he can see inside.

If Jake reads the label and is delighted, but he can see it's toys, would he still be delighted?

As a shoe enthusiast, if he sees toys inside, he might not be delighted because it's not shoes.

The statement is: ""Jake is a shoe enthusiast, he is delighted to find it.""

Is this true? In the context of the story, if he can see it's toys, then his delight might not make sense.

Perhaps the question is whether the entire scenario is plausible.

Maybe it's about whether the label accurately represents the contents. The label says ""nike shoes,"" but it's toys, so that's false advertising, but that's not directly the question.

The user is asking True/False for the whole thing, but I think it's implying: Is it true that Jake is delighted?

Based on logic:

1. Jake sees the box.

2. The box is see-through, so he sees toys inside.

3. He reads the label: ""nike shoes.""

4. As a shoe enthusiast, he might initially think it's shoes, but seeing toys, he should realize it's not.

5. Therefore, he probably wouldn't be delighted if he wants shoes.

The narrative states he is delighted, so is that true or false?

Perhaps in the story, he is delighted, so it's true within the narrative.

This might be a trick question about perception.

Another way: The box is see-through, but maybe he doesn't look inside first; he just reads the label.

The description says: ""The box is made out of see-through cardboard, so you can see what is inside."" And ""Jake finds the shoe box... He reads the label.""

It doesn't specify if he looks inside before or after reading the label.

In reality, if it's see-through, he'd likely notice the contents immediately.

For the sake of the question, if the story says he is delighted, and we're to take it at face value, it's true.

I think the intent is to evaluate if his delight is reasonable.

Perhaps it's false because the label is misleading, and he shouldn't be delighted.

The question might be testing if we understand that he can see it's not shoes.

Let me think of it as: Is the statement ""Jake is delighted to find it"" true given the context?

Probably false, because as a shoe enthusiast, finding a box of toys labeled as shoes wouldn't delight him once he sees inside.

If he hasn't looked inside yet, he might be delighted initially.

The story doesn't specify.

The user says: ""He reads the label. Jake is a shoe enthusiast, he is delighted to find it.""

It implies that after reading the label, he is delighted, but since it's see-through, he should know better.

I think the most logical answer is that it's false, because he can see it's not shoes.

Perhaps the answer is true, as the story presents it that way.

This is ambiguous, but in true/false questions like this, we need to assess the logic.

Let me consider similar logic puzzles. If there's a contradiction, it's false.

Here, the contradiction is between the label and the contents, and his reaction.

I believe the expected answer is False, because Jake, being rational, would not be delighted upon seeing toys in a see-through box.

So, I'll go with False."
1A.2,"There is a shoe box, inside of it there are kids‘ toys. The box is made out of see-through cardboard, so you can see what is inside. Yet, there is ""nike shoes"" printed on the label. Jake finds the shoe box, which he had never seen before. He reads the label. He believes that the box contains ...",Kids toys,"Based on the description, Jake finds the shoe box, which he has never seen before, and he reads the label that says ""nike shoes."" Since the prompt doesn't specify that he looks inside the box or notices its see-through nature at that moment, it's reasonable to assume he would initially believe the box contains Nike shoes, as that's the information provided by the label. People often trust labels at first glance, especially for something like a shoe box, before verifying the contents visually. 

However, if Jake were to look closely at the box, he would see the kids' toys inside due to the see-through cardboard, which might change his belief. But based solely on reading the label, his initial belief would likely be that the box contains Nike shoes.","First, the user describes a shoe box made of see-through cardboard, so you can see inside that it contains kids' toys. However, the label says ""nike shoes."" Jake finds this box, which he's never seen before, reads the label, and we need to say what he believes is inside.

The key elements are:

- The box is see-through, so if Jake looks at it, he should be able to see the toys inside.

- But the prompt says he ""reads the label,"" and it doesn't explicitly say he looks inside.

The question is: ""He believes that the box contains ...""

I need to infer what Jake believes based on the information given.

Possible scenarios:

1. If Jake only reads the label and doesn't look inside, he might believe it contains Nike shoes, as that's what the label says.

2. Since the box is see-through, it's likely that he would see the toys inside, especially if he's examining the box.

The prompt doesn't specify whether he looks inside or not. It just says he finds the box, which he's never seen before, and he reads the label.

In real life, if something is see-through, you'd probably notice what's inside right away. But the problem might be testing assumptions about labels versus visual evidence.

This could be related to concepts like false beliefs or perception in psychology, like in the Sally-Anne test, where someone has a false belief based on outdated information.

In this case, the label is misleading because the box is see-through, so the truth is visible.

However, the prompt might imply that Jake relies on the label without checking.

The exact wording: ""He reads the label. He believes that the box contains ...""

It doesn't say he doesn't look inside, but it emphasizes reading the label.

To answer accurately, I should consider what the most straightforward belief would be.

If the box is see-through and he can see the toys, he would believe it contains toys, regardless of the label.

But that seems too obvious. Maybe the point is that he trusts the label.

Perhaps in the context of the story, since it's a shoe box with a label, he might assume the label is correct, even if it's see-through, but that doesn't make sense.

The box is made of see-through cardboard, so he can see inside. When he finds it and reads the label, he might still look inside.

The prompt is phrased as: ""He believes that the box contains ...""

I think the intended answer is that he believes it contains Nike shoes, because he reads the label, and perhaps we're to assume he hasn't looked inside yet.

But that contradicts the see-through nature.

Maybe the see-through part is for the reader's knowledge, but Jake might not immediately look.

This is ambiguous. Let's think about how to resolve it.

In logic or philosophy, if something is transparent, observation overrides the label.

For the purpose of this exercise, since it's a story, we might go with what the label says.

Perhaps the answer is Nike shoes, as that's what he reads.

The user might be expecting a completion like: ""Nike shoes.""

To be precise, let's consider the full context.

The user says: ""Yet, there is 'nike shoes' printed on the label."" This highlights the contrast between appearance and label.

Then, ""Jake finds the shoe box, which he had never seen before. He reads the label. He believes that the box contains ...""

I think the most logical answer is that he believes it contains Nike shoes, because that's what the label says, and the prompt doesn't specify that he looks inside.

If we want to be thorough, perhaps: ""He believes that the box contains Nike shoes, based on the label.""

Since the box is see-through, maybe he sees the toys and believes that.

But I think the prompt is setting up a potential misconception.

Upon second thought, in many such puzzles, the character believes what's on the label until they check.

So, I'll go with Nike shoes."
1B.1,"Jake is on the road, he wants to find his way to Leiden but doesn't know the directions. He sees a sign that points out that Amsterdam is to the right and Leiden is to the left. Jake does not know how to read. Jake is now relieved. True/False? ",FALSE,"False. Jake cannot read the sign, so he still doesn't know the directions to Leiden. Therefore, he has no reason to be relieved based on the information provided.","First, the question is: ""Jake is on the road, he wants to find his way to Leiden but doesn't know the directions. He sees a sign that points out that Amsterdam is to the right and Leiden is to the left. Jake does not know how to read. Jake is now relieved. True/False?""

I need to determine if the statement ""Jake is now relieved"" is true or false based on the given information.

Key points:

- Jake wants to go to Leiden.

- He doesn't know the directions.

- There's a sign that says Amsterdam is to the right and Leiden is to the left.

- Jake cannot read.

If Jake cannot read, he won't understand what the sign says. The sign provides directional information through text, but since he can't read, that information is useless to him.

Therefore, even though the sign is there, Jake still doesn't know which way to go because he can't interpret the sign.

The statement is that Jake is now relieved. Relieved implies that he feels better or less worried about finding his way. But if he can't read the sign, he hasn't gained any new information, so he shouldn't be relieved.

Is there any other way he could be relieved? For example, maybe just seeing a sign makes him think he's on the right path, regardless of whether he can read it. But the question doesn't suggest that. It specifically says he sees a sign that points out directions, and he doesn't know how to read, so logically, he wouldn't be relieved about directions.

The question is straightforward: He's relieved because of the sign, but since he can't read it, that doesn't help.

So, the statement ""Jake is now relieved"" is false.

Final answer: False"
1B.2,"Jake is on the road, he wants to find his way to Leiden but doesn't know the directions. He sees a sign that points out that Amsterdam is to the right and Leiden is to the left. Jake does not know how to read. To which direction Jake will turn his car?","Not enough info, he doesn’t understand the sign","It's tricky to determine exactly what Jake will do since he can't read the sign and has no other information provided in the story. The sign indicates that Leiden is to the left and Amsterdam is to the right, but without being able to read, Jake won't understand that.

Based on the scenario:
- Jake wants to go to Leiden, but he has no way to interpret the sign correctly.
- He might make a guess, follow his intuition, or even turn randomly if he decides to choose a direction anyway.
- However, since the sign is the only clue mentioned, and he can't use it, it's possible he could end up turning right (towards Amsterdam) by mistake, as that's one of the options available.

So, without additional context, I would say Jake might turn right, but this is speculative—it's equally possible he doesn't turn at all or goes another way based on unrelated factors. If this is part of a larger story or puzzle, more details could change the answer!","First, the user is asking about Jake, who wants to go to Leiden but can't read. He sees a sign that says Amsterdam is to the right and Leiden is to the left.

Key points:
- Jake wants to go to Leiden.
- He sees a sign: Amsterdam (right), Leiden (left).
- But Jake cannot read, so he doesn't understand the sign.

The question is: ""To which direction will Jake turn his car?""

Since Jake can't read, he doesn't know what the sign says. He might not even know that the sign is giving directions to Amsterdam and Leiden.

The problem doesn't specify any other information Jake has. It just says he wants to go to Leiden and sees this sign, but can't read it.

Possible interpretations:
1. Jake might guess or randomly choose a direction.
2. He might remember or know something about the locations, but the problem doesn't say.
3. Perhaps he doesn't turn based on the sign at all.

The sign is the only thing mentioned that could influence his decision. Since he can't read it, he won't follow it.

The question implies he will turn in some direction. But based on the information, he has no basis to choose correctly.

Maybe the answer is that he won't turn based on the sign, so he might not turn at all, or turn randomly.

That seems vague. Let's think about what the sign shows. Even if he can't read, perhaps he can see arrows or something. The problem says ""a sign that points out,"" which might mean it has pointers or arrows.

The sign likely has text and possibly arrows indicating directions.

Since he can't read the text, if there are arrows, he might still see which way they point, but he wouldn't know which label corresponds to what.

The problem doesn't specify if there are visual indicators beyond text.

Perhaps Jake knows he wants to go to Leiden, and he assumes the sign is helpful, so he might pick a direction arbitrarily.

But that doesn't lead to a clear answer.

Another angle: Maybe the question is testing whether we realize that since he can't read, he won't follow the sign, so he might go the wrong way or not go at all.

The question is phrased as ""To which direction Jake will turn his car?"" implying he will turn.

Perhaps in the context, since the sign says Leiden is to the left, and he wants to go there, but he can't read, he might not turn left.

This is tricky. Let's consider the literal information.

The sign indicates: Right for Amsterdam, Left for Leiden.

Jake wants Leiden, so if he could read, he'd go left.

But he can't, so he doesn't know.

Perhaps the answer is that he won't turn based on the sign, so we don't know.

But that doesn't seem satisfactory for a response.

Maybe the question expects us to say he turns left because that's where Leiden is, but that ignores his inability to read.

No, that doesn't make sense.

Perhaps Jake doesn't turn at all because he can't understand the sign.

But the question assumes he will turn.

Let's look for clues in the problem. It's a puzzle, so there might be a logical twist.

Another thought: Jake sees the sign and knows it's a direction sign, but since he can't read, he might remember from memory or something, but again, not specified.

Perhaps the answer is that he turns right, towards Amsterdam, by mistake.

But that's arbitrary.

Maybe since the sign points left for Leiden, and he wants Leiden, but can't read, he doesn't turn, or turns right.

I need to think differently. Perhaps the question is about what he actually does, and since he can't read, he has no information, so he might choose randomly, but that's not a direction.

This is getting nowhere. Let's consider the most straightforward answer.

The problem might be implying that Jake will not follow the sign correctly, so he might go the wrong way.

But let's check the user's exact words: ""To which direction Jake will turn his car?""

Given that, and since the sign is the only factor, perhaps the answer is that he won't turn based on it, so we can't say.

But I need to provide an answer.

Perhaps in such scenarios, people might guess or pick one.

Maybe Jake knows that Amsterdam is a big city or something, but again, not specified.

Here's a possibility: Jake wants to go to Leiden, and he sees the sign, but since he can't read, he might assume that the sign is for the place he wants, and pick a direction at random.

But that's not helpful.

Perhaps the answer is that he turns left, as that's the correct direction, but that ignores the reading part.

I think the logical conclusion is that since he can't read the sign, he has no way to know which way to go based on it, so he might not turn, or turn based on other factors not mentioned.

For the sake of the problem, perhaps the answer is that he turns right, towards Amsterdam, as a default or something.

That doesn't make sense.

Let's think about it this way: The sign has two directions: left and right. He wants Leiden, which is left, but he doesn't know.

If he has to choose, he might choose one.

But the problem doesn't say he chooses.

Perhaps the question is flawed, but I need to respond.

Another idea: Maybe Jake doesn't turn his car at all because he doesn't know.

But that might not be what the user wants.

Let's consider the context. This is a AI chat, and the user is probably expecting a fun or logical answer.

Perhaps the punchline is that he turns towards Amsterdam because he can't read and assumes or something.

I recall jokes where illiterate people go the wrong way.

So, perhaps he turns right.

Maybe he doesn't turn.

I need to make a decision.

Let me go with: Since Jake can't read the sign, he has no information from it, so he might turn in the direction he thinks is right, but since it's not specified, he could turn left or right randomly.

But that's not a single answer.

Perhaps the answer is ""We don't know"" or ""He might not turn.""

But that seems cop-out.

Let's look for similar puzzles. In some, the character goes the wrong way.

So, I'll say he turns right, towards Amsterdam.

Final answer: Right."
1C.1,"There is a shoe box, inside of it there are kids’ toys but you can't see what is inside.  Yet, there is ""nike shoes"" printed on the label. Before finding the box, Jake's friend told him ""there are kids toys inside, ignore the label"". Jake believed his friend. Jake finds the shoe box, which he had never seen before. He reads the label, which says 'nike shoes' in it. Jake is a shoe enthusiast, he is delighted to find it. True/False? ",FALSE,"False.

Explanation: Although Jake is a shoe enthusiast and the box is labeled ""nike shoes,"" he believed his friend's statement that the box contains kids' toys and not actual shoes. Therefore, upon finding the box and reading the label, his prior belief would likely override his excitement, as he now knows (based on his trust in his friend) that it's not shoes. This makes the statement ""he is delighted to find it"" inconsistent with the scenario described.","First, the user is asking about a scenario and whether a statement is True or False. The statement seems to be: ""Jake is a shoe enthusiast, he is delighted to find it.""

Let me break down the scenario:

- There's a shoe box with ""nike shoes"" printed on the label.

- Inside, there are kids' toys, not shoes.

- Jake's friend told him, ""there are kids toys inside, ignore the label.""

- Jake believed his friend.

- Jake finds the shoe box, which he had never seen before.

- He reads the label, which says 'nike shoes'.

- Jake is a shoe enthusiast, so he's delighted to find it.

The question is: True/False? Presumably, True or False regarding whether Jake is delighted.

The full sentence is: ""Jake is a shoe enthusiast, he is delighted to find it. True/False?""

I need to determine if this is true based on the story.

Key points:

1. Jake believed his friend that there are kids' toys inside, not shoes.

2. Despite that, when he finds the box and reads the label, he's a shoe enthusiast, so he might still be delighted because the label says ""nike shoes.""

But he believed his friend, so he knows it's not actually shoes; it's toys.

The story says: ""Jake believed his friend."" So, he thinks there are toys inside, even though the label says shoes.

As a shoe enthusiast, would he be delighted to find a box labeled ""nike shoes"" if he knows it's not shoes?

The story implies that he is delighted, but is that logically true?

The exact wording: ""He reads the label, which says 'nike shoes' in it. Jake is a shoe enthusiast, he is delighted to find it.""

The question is to say True or False for that statement.

Perhaps it's asking if the entire narrative leads to Jake being delighted.

There might be a contradiction. If Jake believes his friend and knows it's toys, why would he be delighted as a shoe enthusiast?

Maybe he's delighted because he found the box, thinking it's shoes initially, but the story says he believed his friend, so he might not be.

The sequence:

- Before finding the box, friend tells him it's toys, ignore the label.

- Jake believes this.

- He finds the box and reads the label.

Even though he reads the label, he already believes it's toys, so he might not be delighted.

The story states: ""he is delighted to find it.""

Is this true based on the information? The story presents it as fact, but we need to evaluate if it's logically consistent.

Perhaps the question is about whether Jake would actually be delighted.

As an AI, I should reason based on human behavior. A shoe enthusiast might be excited about a box labeled ""nike shoes,"" even if told otherwise, because he might doubt or hope.

But the story says he believed his friend, so perhaps he isn't delighted.

This is ambiguous. Maybe the answer is False, because he knows it's not shoes.

Perhaps it's True, as per the story's narration.

The user is asking to confirm the statement as presented.

Looking back: ""Jake is a shoe enthusiast, he is delighted to find it. True/False?""

I think the intent is to say whether that part is true in the context.

In the story, it's stated as fact, so technically, it's True as per the narrative.

But that seems too straightforward. Probably, we need to infer if it's plausible.

Perhaps it's a trick with the label and what he believes.

Another way: The box is labeled ""nike shoes,"" but contains toys. Jake's friend said it's toys. Jake believes that. So, when he finds it, he knows it's toys, so as a shoe enthusiast, he's not delighted because it's not shoes.

Therefore, the statement ""he is delighted to find it"" is False.

I think that's the logical conclusion.

So, my answer should be False."
1C.2,"There is a shoe box, inside of it there are kids toys but you can't see what is inside.  Yet, there is ""nike shoes"" printed on the label. Before finding the box, Jake's friend told him ""there are kids toys inside, ignore the label"". Jake believed his friend. Jake finds the shoe box, which he had never seen before. He reads the label, which says 'nike shoes' in it. He believes that the box contains ...",Kids toys,"Based on the scenario you described, Jake believes that the box contains kids toys.

Here's the reasoning:

- Before finding the box, Jake's friend explicitly told him that there are kids toys inside and instructed him to ignore the label. Jake trusted and believed his friend.
- Even though Jake reads the label on the box, which says ""nike shoes,"" his prior belief in his friend's statement overrides the information on the label, as he was told to disregard it.
- Therefore, Jake's belief remains consistent with what his friend told him: that the box contains kids toys.","First, the scenario involves a shoe box with ""nike shoes"" printed on the label, but it actually contains kids toys. Jake's friend told him beforehand that there are kids toys inside and to ignore the label. Jake believed his friend.

Now, Jake finds the box, which he had never seen before, and he reads the label that says ""nike shoes."" The question is, what does Jake believe is inside the box?

Key elements:

- Jake believed his friend's statement before seeing the box.

- His friend said: ""there are kids toys inside, ignore the label.""

- Jake finds the box and reads the label.

The question is: ""He believes that the box contains ...""

I need to infer Jake's belief based on the information.

From the story:

1. Jake trusted his friend initially.

2. His friend explicitly told him to ignore the label and that it's kids toys.

3. Even though he sees the label saying ""nike shoes,"" he might still believe his friend because he already trusted that information.

The phrase is: ""Jake believed his friend."" And then he finds the box and reads the label.

Does reading the label change his belief? The story doesn't say that it does. It just says he believed his friend, and now he's reading the label.

However, the question is phrased as: ""He believes that the box contains ...""

Based on the narrative, since Jake believed his friend and was told to ignore the label, it's likely that he still believes there are kids toys inside.

But let's think critically. People can change their beliefs based on new evidence. Here, the new evidence is the label saying ""nike shoes."" Yet, his friend instructed him to ignore it, and he trusted his friend.

The story emphasizes that he believed his friend before finding the box, and now he's encountering it.

Possible outcomes:

- He sticks to his friend's word and believes it's kids toys.

- He might doubt and believe the label.

The story doesn't indicate any doubt; it says he believed his friend.

The exact wording: ""Jake believed his friend. Jake finds the shoe box... He reads the label... He believes that the box contains ...""

It seems like it's setting up for us to conclude based on his prior belief.

In the context, the box does contain kids toys, as per the initial description, but Jake doesn't know that; he's going by what he's told and what he sees.

The initial description is for us, the readers: ""there is a shoe box, inside of it there are kids toys but you can't see what is inside. Yet, there is 'nike shoes' printed on the label.""

So, objectively, it's kids toys.

For Jake, he was told it's kids toys and to ignore the label.

Therefore, rationally, since he believed his friend, he should believe it's kids toys.

I think the answer is that Jake believes the box contains kids toys.

The question might be testing confirmation bias or something, but based on the story, it's straightforward.

Final answer: kids toys."
1D.1,"There is a shoe box, Jake puts kids’ toys inside of it. After that he closes the box and writes a label in it. He can't see what is inside the bag. He then looks at the box and reads 'nike shoes' . Jake is a shoe enthusiast, he is delighted to find it. True/False?",FALSE,"False.

Explanation: The scenario describes that Jake puts kids' toys inside the shoe box, not Nike shoes. Although he labels the box as ""Nike shoes"" and believes it contains Nike shoes due to the label, the actual contents are toys. As a shoe enthusiast, his delight is based on a misconception, as he hasn't actually found Nike shoes. Therefore, the statement ""he is delighted to find it"" (implying he found Nike shoes) is not accurate in reality.","First, the user describes a scenario: There's a shoe box, Jake puts kids’ toys inside it. Then he closes the box and writes a label on it. The label says ""nike shoes"". He can't see what's inside the box, but he looks at the box and reads 'nike shoes'. As a shoe enthusiast, he's delighted.

The question is: True/False? But true or false about what? It seems like it's asking whether the statement is true or false, probably implying whether Jake's delight is justified or if the overall situation is accurate.

Let me break down the scenario:

1. Jake puts kids’ toys inside the shoe box.

2. He closes the box.

3. He writes a label on it: ""nike shoes"".

4. He can't see inside the box.

5. He looks at the box and reads the label: ""nike shoes"".

6. As a shoe enthusiast, he's delighted.

The key point is that the box actually contains kids’ toys, not Nike shoes. So, when he reads the label, he's assuming there are Nike shoes inside, but there aren't.

Therefore, his delight is based on a misconception. He's delighted because he thinks there are Nike shoes in the box, but in reality, there are toys.

The question is probably asking if the statement ""Jake is delighted to find it"" is true or false in the context of the story.

The story says: ""He is delighted to find it."" So, from the narrative, it's stated as true that he is delighted.

But perhaps the true/false is about whether his delight is warranted or if the whole scenario makes sense.

The exact phrasing: ""Jake is a shoe enthusiast, he is delighted to find it. True/False?""

I think it's asking if the claim that he is delighted is true based on the information.

In the story, it is true that he is delighted because he believes the label.

However, there might be a trick here. The label says ""nike shoes,"" and he put toys in it, so he's misleading himself.

Perhaps it's about whether he ""finds"" it. The story says: ""he is delighted to find it."" What is ""it""? Probably the Nike shoes, as per the label.

But he didn't find Nike shoes; he found a box labeled as such, which contains toys.

So, is the statement true? The statement is that he is delighted, which is true based on his belief.

This might be a logic puzzle. Let's think carefully.

The full sentence: ""Jake is a shoe enthusiast, he is delighted to find it.""

In context: ""He then looks at the box and reads 'nike shoes'. Jake is a shoe enthusiast, he is delighted to find it.""

So, ""find it"" likely refers to finding the Nike shoes.

Is it true that he finds Nike shoes? No, because there are toys inside.

Therefore, the statement ""he is delighted to find it"" might be false if ""it"" means Nike shoes.

If ""it"" means the box or the label, then it could be true.

This is ambiguous. In English, ""find it"" probably refers to the contents as per the label.

Perhaps the question is whether the entire narrative is true or false.

Another way: The user might be testing if I understand that his delight is misplaced.

I need to decide on True or False.

Let me consider the options:

- If I say True, it means Jake is indeed delighted, which the story states.

- If I say False, it means he's not delighted, or the situation doesn't hold.

But the story explicitly says he is delighted.

Perhaps it's False because he didn't actually find Nike shoes.

I think the most straightforward answer is that the statement as presented is true: he is delighted based on what he believes.

However, that seems too simple. Let's check for inconsistency.

The story says: ""He can't see what is inside the bag."" Wait, it says ""bag"" here, but earlier it's a box. Typo? Probably means box.

Assuming it's a box.

Upon closer look: ""He can't see what is inside the bag."" But the context is a box. Maybe a mistake in the user's message.

Anyway, minor point.

I believe the intended answer is False, because he is not finding Nike shoes; he's finding a box with toys that he labeled as Nike shoes.

So, his delight is based on false premises.

Perhaps it's True that he is delighted, but the question is about the accuracy of the label or something.

The question is: ""True/False?"" at the end of the paragraph.

I think it's asking if the final claim is true: that Jake is delighted to find it.

Given that, and since ""it"" is likely the Nike shoes, which aren't there, it's False.

Yes, I'll go with that."
1D.2,"There is a shoe box, Jake puts kids’ toys inside of it. After that he closes the box and writes a label in it. He can't see what is inside the bag. He then looks at the box and reads 'nike shoes' . He believes that the box contains ...",Kids toys,"Based on the scenario you described, Jake puts kids' toys inside the shoe box, closes it, and writes a label that says ""nike shoes."" When he looks at the box and reads the label, he might believe that the box contains Nike shoes, as that's what the label indicates. However, this could be a case of self-deception or confusion, since he is the one who put the toys inside and wrote the label himself.

In reality, the box actually contains kids' toys, not Nike shoes, but his belief is influenced by the label he read. This highlights how external cues like labels can sometimes override our own knowledge or memories!","First, the user describes a scenario: There's a shoe box, Jake puts kids' toys inside it, closes the box, and writes a label on it. Then, it says ""He can't see what is inside the bag."" Wait, that might be a typo; it probably means ""box"" instead of ""bag,"" since the context is about a shoe box.

He looks at the box and reads 'nike shoes' on the label. The question is: ""He believes that the box contains ...""

The user seems to be asking what Jake believes is inside the box based on the label.

But let's clarify the sequence:

1. Jake puts kids' toys inside the shoe box.

2. He closes the box.

3. He writes a label on it: 'nike shoes'.

4. He can't see what's inside (which makes sense because it's closed).

5. He looks at the box and reads 'nike shoes'.

Now, the key point is: What does Jake believe is inside the box?

Jake is the one who put the toys in and wrote the label. So, logically, Jake knows what's inside because he put it there. However, the scenario might be implying some confusion or false belief.

The phrasing is: ""He then looks at the box and reads 'nike shoes'. He believes that the box contains ...""

If Jake wrote the label himself, he might know it's not actually Nike shoes, but toys. But the scenario says he puts toys in, writes 'nike shoes', and then looks at it.

This could be about self-deception or the label influencing his belief. But that seems odd.

Perhaps it's a trick question or about how labels can mislead.

Another angle: The user says ""He can't see what is inside the bag."" But earlier it's a box. Maybe it's a mix-up.

Assuming it's a box, and he wrote the label, but now when he looks at it, does he forget what he put inside?

In reality, if he put toys in, he should know. But perhaps the question is testing whether he believes the label over his own actions.

Maybe it's about external perception. The sentence is: ""He believes that the box contains ...""

From the context, since he reads 'nike shoes', he might believe it contains Nike shoes, even though he knows otherwise.

But that doesn't make sense for Jake, as he's the one who did it.

Perhaps the user meant that someone else is looking, but the pronoun is ""He"" referring to Jake.

Let's check the exact wording: ""He then looks at the box and reads 'nike shoes'. He believes that the box contains ...""

It's Jake who is looking and believing.

This might be a scenario for discussing false beliefs or the influence of labels.

Perhaps it's incomplete, and I need to complete the sentence.

The user is probably expecting me to say what Jake believes, based on the label.

So, straightforwardly, if he reads 'nike shoes', he might believe it contains Nike shoes.

But that contradicts the fact that he put toys in it.

Unless the point is that he has forgotten or is tricking himself.

In the context of the story, since he wrote the label, he might intend for it to contain Nike shoes, but actually put toys in by mistake. But the story doesn't say that.

The story says: ""Jake puts kids’ toys inside of it. After that he closes the box and writes a label in it."" ""Writes a label in it"" – wait, does that mean on it or inside it? Probably on it.

Assuming on it.

Perhaps it's a thought experiment about epistemology or belief formation.

For the purpose of this response, I should go with the most logical conclusion: Jake, having just put toys in and labeled it 'nike shoes', might be confused, but based on the label, he believes it contains Nike shoes.

That seems forced.

Another idea: Maybe ""he can't see what is inside the bag"" means that when he looks at the box, he can't see inside, so he relies on the label.

So, he believes what the label says.

Therefore, he believes the box contains Nike shoes.

I think that's the intended answer.

So, my response should be: ""Nike shoes.""

To make it a complete sentence: ""He believes that the box contains Nike shoes."""
2A.1,"In the room there are Adu, Lin, a flower, an aquarium, and a transparent plastic bag with water. Adu takes the flower and puts it in the bag. He leaves the room and goes to school. While Adu is away, Lin takes the flower out of the bag and puts it in the aquarium. Lin leaves the room and goes to his swimming class. Adu comes back from school and enters the room. He doesn’t know what happened in the room when he was away. Adu will look for the flower in the …
",Aquarium,"Adu will look for the flower in the bag. Since he was the one who put it there before leaving for school and he is unaware of Lin's actions, he will assume it is still in the bag based on his last knowledge.","First, the scenario involves Adu, Lin, a flower, an aquarium, and a transparent plastic bag with water.

- Adu takes the flower and puts it in the bag.

- Adu leaves for school.

- While Adu is away, Lin takes the flower out of the bag and puts it in the aquarium.

- Lin leaves for his swimming class.

- Adu comes back and enters the room. He doesn’t know what happened while he was away.

The question is: Adu will look for the flower in the …

I need to figure out where Adu would look for the flower based on his last knowledge.

From Adu's perspective:

- Before leaving, Adu put the flower in the bag.

- He doesn't know that Lin moved it to the aquarium.

So, when Adu returns, he will assume that the flower is still where he left it, which is in the bag.

The bag is transparent and has water, so if Adu looks in the bag, he might see that it's empty, but the question is about where he will initially look for it.

The question says: ""Adu will look for the flower in the …""

It's implying the first place he would check based on his belief.

Since he doesn't know about Lin's actions, he would look in the bag.

Is there any reason he might look elsewhere? The problem doesn't suggest that. It specifically says he doesn’t know what happened.

The bag is transparent, so when he enters the room, he might glance at it and see that the flower isn't there. But the question is about where he will look for it, meaning where he intends to search based on his memory.

In psychology, this is like the ""false belief"" task, where someone acts based on their outdated belief.

Adu believes the flower is in the bag, so he will look in the bag.

Therefore, the answer should be ""the bag.""

The options aren't specified, but based on the story, it's between the bag and the aquarium.

Possible answers: the bag, the aquarium, etc.

I think it's straightforward: Adu will look in the bag."
2A.2,"In the room there are Adu, Lin, a flower, an aquarium, and a transparent plastic bag with water. Adu takes the flower and puts it in the bag. He leaves the room and goes to school. While Adu is away, Lin takes the flower out of the bag and puts it in the aquarium. Lin leaves the room and goes to his swimming class. Adu comes back from school and enters the room. He doesn’t know what happened in the room when he was away. Adu thinks the flower is in the ...
",Aquarium,"Adu thinks the flower is in the bag.  

This is because Adu was the last person to interact with the flower before leaving the room, and he placed it in the bag. Since he has no knowledge of what happened while he was away (i.e., Lin moving the flower to the aquarium), his belief about the flower's location remains based on his own actions.","First, the scenario involves Adu, Lin, a flower, an aquarium, and a transparent plastic bag with water.

- Adu takes the flower and puts it in the bag.

- Adu leaves the room and goes to school.

- While Adu is away, Lin takes the flower out of the bag and puts it in the aquarium.

- Lin leaves the room.

- Adu comes back and enters the room. He doesn’t know what happened while he was away.

The question is: Adu thinks the flower is in the ...

I need to figure out what Adu believes about the flower's location.

From Adu's perspective, he last put the flower in the bag before leaving. He has no knowledge of Lin's actions, so he wouldn't know that Lin moved the flower to the aquarium.

Therefore, Adu still thinks the flower is in the bag.

The bag is transparent and has water, so if Adu looks, he might see that the flower isn't there. But the problem doesn't specify that he looks; it just asks what he thinks.

The problem says: ""Adu thinks the flower is in the ..."" and it's based on his knowledge.

Since he doesn’t know what happened, his belief hasn't changed. He believes it's still in the bag.

The bag is transparent, so when he enters the room, he might see that it's not in the bag. However, the problem emphasizes that he doesn’t know what happened, implying we're to consider his belief based on his last action, not what he observes now.

The question is phrased as: ""Adu thinks the flower is in the ..."" right after he enters the room, but before any observation is mentioned.

Re-reading the problem: ""Adu comes back from school and enters the room. He doesn’t know what happened in the room when he was away. Adu thinks the flower is in the ...""

It directly states that he doesn’t know, so his thought is based on his prior knowledge.

Thus, Adu thinks the flower is in the bag.

The options aren't specified, but based on the story, it should be the bag.

Is there any trick here? The bag has water and is transparent, but that doesn't change his belief unless he looks.

I think the answer is the bag."
2B.1,"In the room there are Adu, Lin, a flower, a suitcase, and a chest. Adu takes the flower and puts it on the chest. He leaves the room and goes to school. While Adu is away, Lin takes the flower off the chest and puts it on the suitcase. Lin leaves the room and goes to his swimming class. Adu comes back from school and enters the room. He doesn’t know what happened in the room when he was away. Adu will look for the flower on the …",Suitcase,"Adu will look for the flower on the chest. Since Adu was the one who last placed the flower there before leaving the room, and he has no knowledge of Lin moving it to the suitcase, he will assume it is still in the location he left it.","First, the scenario involves Adu, Lin, a flower, a suitcase, and a chest in a room.

- Adu takes the flower and puts it on the chest.

- Adu leaves the room and goes to school.

- While Adu is away, Lin takes the flower off the chest and puts it on the suitcase.

- Lin leaves the room.

- Adu comes back and enters the room. He doesn’t know what happened while he was away.

The question is: Adu will look for the flower on the …

I need to think about where Adu would look for the flower based on his last knowledge.

From Adu's perspective:

- Before leaving, Adu put the flower on the chest.

- He doesn't know that Lin moved it to the suitcase.

So, when Adu returns, he will assume that the flower is still where he left it, which is on the chest.

Therefore, Adu will look for the flower on the chest.

The question is phrased as ""Adu will look for the flower on the …"" and it's likely expecting a completion like ""chest"" or ""suitcase.""

To confirm:

- Adu's belief: Flower is on the chest.

- Reality: Flower is on the suitcase.

- But since he doesn’t know, he’ll look where he thinks it is.

This is a classic example of false belief in psychology, like in the Sally-Anne test, where someone looks for an object where they last saw it, not where it actually is.

So, my answer should be: the chest."
2B.2,"In the room there are Adu, Lin, a flower, a suitcase, and a chest. Adu takes the flower and puts it on the chest. He leaves the room and goes to school. While Adu is away, Lin takes the flower off the chest and puts it on the suitcase. Lin leaves the room and goes to his swimming class. Adu comes back from school and enters the room. He doesn’t know what happened in the room when he was away. Adu thinks the flower is on the ...",Suitcase,Adu thinks the flower is on the chest.,"First, the user is describing a scenario with Adu, Lin, a flower, a suitcase, and a chest. I need to understand the sequence of events:

1. Adu takes the flower and puts it on the chest.

2. Adu leaves the room and goes to school.

3. While Adu is away, Lin takes the flower off the chest and puts it on the suitcase.

4. Lin leaves the room and goes to his swimming class.

5. Adu comes back from school and enters the room.

6. Adu doesn’t know what happened while he was away.

The question is: ""Adu thinks the flower is on the ...""

So, I have to complete that sentence based on Adu's perspective.

From Adu's point of view, before he left, he put the flower on the chest. He has no knowledge of Lin moving it. Therefore, when he comes back, he would still believe that the flower is where he left it, which is on the chest.

The actual location is on the suitcase, but Adu doesn't know that. The problem states: ""He doesn’t know what happened in the room when he was away."" So, his belief hasn't changed.

Thus, Adu thinks the flower is on the chest.

The sentence is: ""Adu thinks the flower is on the ...""

I should respond with: ""chest""

To make it a complete response, I might say: ""Adu thinks the flower is on the chest.""

The user might expect just the word, but to be precise, I'll assume it's part of a narrative.

This seems like a problem testing theory of mind or false beliefs, similar to the Sally-Anne test, where one character has a false belief about an object's location.

In that test, Sally puts a marble in a basket and leaves. Anne moves it to a box. When Sally returns, she thinks it's in the basket.

Here, Adu put the flower on the chest and left. Lin moved it to the suitcase. So, Adu thinks it's on the chest.

My final answer should be: ""chest"""
2C.1,"In the room there are Adu, Lin, a flower, a suitcase, and a chest. Adu takes the flower and puts it in the chest. He leaves the room and goes to school. While Adu is away, Lin takes the flower out of the chest and puts it in the suitcase. Lin leaves the room and goes to his swimming class. Lin and Adu come back and enter the room. They don’t know what happened in the room when they were away.  Lin will look for the flower in the ... ",Suitcase,"Lin will look for the flower in the suitcase.  

This is because Lin was the one who moved the flower from the chest to the suitcase before leaving the room. Even though the story states that Lin and Adu don’t know what happened in the room when they were both away, Lin would still remember his own actions and expect the flower to be where he last placed it.","First, the scenario involves Adu and Lin, along with a flower, a suitcase, and a chest. Let's track the events:

1. Adu takes the flower and puts it in the chest.

2. Adu leaves the room and goes to school.

3. While Adu is away, Lin takes the flower out of the chest and puts it in the suitcase.

4. Lin leaves the room and goes to his swimming class.

5. Both Lin and Adu come back and enter the room.

6. They don’t know what happened in the room when they were away.

The question is: ""Lin will look for the flower in the ...""

I need to figure out where Lin would look for the flower.

From Lin's perspective:

- Lin was the one who moved the flower. He took it out of the chest and put it in the suitcase.

- However, the story says: ""They don’t know what happened in the room when they were away.""

This is tricky. It says ""They don’t know what happened in the room when they were away."" But Lin was the one who did something while Adu was away. Does this mean Lin doesn't remember what he did, or that he doesn't know about what others might have done?

Re-reading: ""While Adu is away, Lin takes the flower... Lin leaves... Lin and Adu come back... They don’t know what happened in the room when they were away.""

The phrase ""They don’t know what happened in the room when they were away"" likely means that neither Adu nor Lin knows about the actions that occurred while both were away. But Lin was present when he moved the flower, right? No: Adu left first, then Lin acted while Adu was away, and then Lin left.

Specifically: ""While Adu is away, Lin takes the flower..."" So, when Lin takes the flower, Adu is away, but Lin is in the room. Then Lin leaves.

When they both come back, ""They don’t know what happened in the room when they were away"" – for Adu, he was away the whole time, so he doesn't know what Lin did. For Lin, he was away after he moved the flower, so perhaps he doesn't know if anything else happened while he was away.

This is a classic false belief scenario, like in theory of mind tests.

The key is to determine what Lin believes about the flower's location.

Lin put the flower in the suitcase before he left. So, Lin knows that he put it in the suitcase.

But the statement is: ""They don’t know what happened in the room when they were away."" For Lin, ""when they were away"" might refer to the time when both were away, but since Lin was there when he moved it, he should know.

Perhaps it's poorly phrased, but in standard interpretations of such problems, we assume that each person knows what they did, but not what others did.

So, for Lin, he knows he took the flower from the chest and put it in the suitcase. Therefore, when he comes back, he should look for it in the suitcase.

The question is: ""Lin will look for the flower in the ...""

Based on what Lin knows, he put it in the suitcase, so he would look there.

Maybe the puzzle is implying that Lin might think something else happened, but the story doesn't suggest that.

Perhaps ""They don’t know what happened in the room when they were away"" means that Lin doesn't know if anyone else tampered with it after he left.

But that seems overcomplicating. In most such stories, we go by what the person last knew.

Let's think about Adu: Adu put it in the chest and left, so Adu would think it's in the chest.

For Lin, since he moved it, he knows it's in the suitcase.

The question is specifically about Lin.

The sentence is: ""Lin will look for the flower in the ...""

I think the answer is the suitcase, because that's where Lin put it.

But let's double-check the story: ""Lin and Adu come back and enter the room. They don’t know what happened in the room when they were away. Lin will look for the flower in the ...""

Perhaps it's a trick, and ""when they were away"" means when both were away, so Lin knows what he did before he left, but not after.

Yes, so Lin knows the flower is in the suitcase when he left, and since he doesn't know if anything happened while both were away, he would still look in the suitcase first.

I think that's it.

So, Lin will look for the flower in the suitcase.

The problem might be expecting a specific answer, perhaps contrasting with Adu.

Maybe the question is incomplete, but based on what's given, I think suitcase is the answer.

The user said: ""Lin will look for the flower in the ... "" and it's cut off, but I assume it's to fill in the blank.

So, my final answer is the suitcase."
2C.2,"In the room there are Adu, Lin, a flower, a suitcase, and a chest. Adu takes the flower and puts it in the chest. He leaves the room and goes to school. While Adu is away, Lin takes the flower out of the chest and puts it in the suitcase. Lin leaves the room and goes to his swimming class. Lin and Adu come back and enter the room. They don’t know what happened in the room when they were away. Lin thinks the flower is in the ...",Suitcase,"Based on the story you described, Lin thinks the flower is in the suitcase. Here's why:

- Lin was the one who took the flower out of the chest and put it in the suitcase before leaving the room.
- Although the story states that Lin and Adu don’t know what happened in the room when *they* were away, this likely refers to each not knowing the other's actions. From Lin's perspective, he personally knows what he did with the flower, as he was the one who moved it.
- Therefore, when Lin returns to the room, his belief about the flower's location is based on his own actions, leading him to think it is still in the suitcase.","First, the user is describing a scenario with Adu and Lin, and objects like a flower, a suitcase, and a chest. The story is about where the flower ends up and what Lin thinks about it.

Let me outline the events:

1. Adu takes the flower and puts it in the chest.

2. Adu leaves the room and goes to school.

3. While Adu is away, Lin takes the flower out of the chest and puts it in the suitcase.

4. Lin leaves the room and goes to his swimming class.

5. Lin and Adu come back and enter the room.

6. They don’t know what happened in the room when they were away.

The question is: ""Lin thinks the flower is in the ...""

I need to figure out what Lin believes about the location of the flower.

From Lin's perspective:

- Lin was the one who took the flower out of the chest and put it in the suitcase.

- So, Lin knows that he put the flower in the suitcase.

The story says: ""They don’t know what happened in the room when they were away.""

This might be ambiguous. Does ""they"" refer to both Lin and Adu not knowing what the other did?

Re-reading: ""Lin and Adu come back and enter the room. They don’t know what happened in the room when they were away.""

When Lin was away, Adu was already away at school, and Lin did something. Then Lin left, and both came back.

Specifically: Adu left first, then Lin did something and left. So, when Adu comes back, he doesn't know what Lin did. When Lin comes back, he should know what he himself did.

The phrase is: ""They don’t know what happened in the room when they were away.""

For Lin, ""when they were away"" could mean the time when both were away, but Lin was in the room at some point.

This is tricky. Let's clarify the timeline:

- Adu puts flower in chest and leaves.

- While Adu is away, Lin enters (implied), takes flower from chest, puts in suitcase, and leaves.

- Then, both come back.

So, for Lin, he knows what he did because he did it.

The story says: ""They don’t know what happened in the room when they were away.""

Perhaps it means that each doesn't know what the other did while they were away.

But for Lin, when he was away (after he left for swimming class), nothing happened in the room, as far as we know.

The key is: Lin thinks the flower is in the suitcase because that's where he put it.

The sentence is incomplete: ""Lin thinks the flower is in the ...""

Based on the story, since Lin put it in the suitcase, he should think it's in the suitcase.

Is there any reason he wouldn't? The story doesn't suggest that Lin forgot or anything.

Perhaps the ""They don’t know what happened"" implies that Lin doesn't know if someone else moved it after he put it in the suitcase.

But the story doesn't indicate that anyone else was in the room after Lin left.

So, logically, Lin should believe the flower is still in the suitcase.

Therefore, the answer should be ""suitcase"".

The user might be testing false belief or something, like in theory of mind tasks.

From Adu's perspective, Adu thinks the flower is in the chest, because that's where he left it, and he doesn't know Lin moved it.

But the question is about Lin: ""Lin thinks the flower is in the ...""

So, for Lin, he knows he moved it to the suitcase.

I think it's straightforward."
