Type,S,Q_1,CA_1,A_1,Q_2,CA_2,A_2,Q_3,A_3,Level,Q_type,Deviation
SA_1fb,You will be asked a question. Please respond to it as accurately as possible without using many words.,"Sally and Anne are playing. Sally has a box and Anne has a basket, and there is a ball. Sally puts the ball in her box. Then Sally goes to play somewhere else.
Anne takes the ball from Sally's box and she puts the ball in her own basket. Anne also goes to play somewhere else for a while.
Then Sally returns.
Where is the ball now?",basket,In Anne’s basket.,Where does Sally look for the ball?,box,In her box.,Why?,"Because she left it there and didn’t see Anne move it, so she still believes it’s in her box.",,,0
SA_1fb,You will be asked a question. Please respond to it as accurately as possible without using many words.,"Peter and Kumar are playing. Peter has a suitcase and Kumar has a backpack, and they have a pencil. Peter puts the pencil in his suitcase. Then Peter goes to play somewhere else.
Kumar takes the pencil from Peter's suitcase and he puts the pencil in his own backpack. Kumar also goes to play somewhere else for a while.
Then Peter returns.
Where is the pencil now?",backpack,In Kumar’s backpack.,Where does Peter look for the pencil?,suitcase,In his suitcase.,Why?,"Because he left it there and didn’t see Kumar move it, so he believes it’s still in his suitcase.",,,1
SA_1fb,You will be asked a question. Please respond to it as accurately as possible without using many words.,"Peter and Kumar are playing. They found a beautiful golden marble. They dig a hole in the ground to hide the marble. Then Peter has to go home, so he leaves. 
Kumar stays a bit longer. When he sees a dog approaching, he realizes the marble is not safe. He digs up the marble and puts it in a hole in the tree. Then Kumar goes home. 
The next day Peter returns to the playground. He wants to play with the marble again.
Where is the marble now?",tree,In the hole in the tree.,Where does Peter look for the marble?,ground,In the hole in the ground.,Why?,"Because he left before Kumar moved it, so he still believes it’s in the ground where they hid it.",,,2
SA_2fb,You will be asked a question. Please respond to it as accurately as possible without using many words.,"Sally and Anne are in the park. There is an ice cream truck next to the fountain. They both want to buy an ice cream but Sally doesn't have enough money. Sally goes home to get more money.
The ice cream man tells Anne that he is moving, he is now going to sell ice cream at the swing.
He meets Sally on the way and tells her where he is going. Sally gets money and so goes to the swing to buy an ice cream.
Anne goes to Sally's house and asks Sally's mother where Sally is. The mother says that Sally is buying ice cream.
Where is the ice cream truck now?",swing,At the swing.,Where does Anne think Sally is going to look for the ice cream truck?,fountain,At the fountain.,Why?,"Because Anne thinks Sally never heard about the move, so Sally would still believe the truck is by the fountain.",,,0
SA_2fb,You will be asked a question. Please respond to it as accurately as possible without using many words.,"Tom and Gerald are in the park. There is a candy cart next to the pond. They both want to buy some candy but Tom doesn't have enough money. Tom goes home to get more money.
The candy man tells Gerald that he is moving, he is now going to sell candy at the deer.
He meets Tom on the way and tells him where he is going. Tom gets money and walks to the deer to buy some candy.
Gerald walks to Tom's house and asks Tom's mother where Tom is. The mother says that Tom is buying candy.
Where is the candy cart now?",deer,At the deer.,Where does Gerald think Tom is going to look for the candy cart?,pond,At the pond.,Why?,Because Tom left before the candy man announced the move. Gerald thinks Tom doesn’t know about the new spot and will go to the pond.,,,1
SA_2fb,You will be asked a question. Please respond to it as accurately as possible without using many words.,"Tom and Gerald went swimming. But when they wanted to go home, Tom found out that his bike has a flat tire. When they start walking they see the swimming teacher passing in his car. They put up their hand and the swimming teacher stops the car at the bus stop alongside the road. They ask whether they can hitchhike, the swimming teacher says yes. 
Tom says he forgot his bag in the dressing room, so he quickly runs to grab it. The swimming teacher says to Gerald that he'll park his car in the parking lot around the corner, so they can put the bikes in the trunk.
On the way to the parking lot the swimming teacher sees Tom and tells him where he is going. So when Tom has his bag, he walks to the parking lot. 
Gerald walks to the dressing room and asks where Tom is. The children in the dressing room say that Tom went to the car of the swimming teacher. 
Where is the swimming teacher's car now? ",parking lot,In the parking lot around the corner.,Where does Gerald think Tom is going to look for the swimming teacher's car? ,bus stop,At the bus stop by the road.,Why?,"Because Tom left before hearing the plan to move the car, and Gerald doesn’t know he was later told; so he expects Tom to look where he last saw it—the bus stop.",,,2
SS_1lie,You will be asked a question. Please respond to it as accurately as possible without using many words.,"One day, when Jan walks into the house, he accidentally knocks over his mother's favourite vase. The vase is broken. Oh no! If mom finds out about this, she will be very angry!
When Jan's mother comes home and sees the broken vase, she asks Jan what happened.
Jan says: ""The dog knocked it over, it is not my fault!""
Is what Jan says true?",False ,No. Jan knocked it over himself; the dog didn’t.,Why does Jan say this?,,"To avoid blame and punishment. He’s afraid of his mom’s anger, so he lies and blames the dog.",,,,,0
SS_1lie,You will be asked a question. Please respond to it as accurately as possible without using many words.,"One day, when Olga walks into the house, she accidentally knocks over her father's favourite sculpture. The sculpture is broken. Oh no! If daddy finds out about this, he will be very angry!
When Olga's father comes home and sees the broken sculpture, he asks Olga what happened.
Olga says: ""The cat knocked it over, it is not my fault!""
Is what Olga says true?",False ,No. The story says Olga accidentally knocked it over; not the cat.,Why does Olga say this?,,To avoid blame and punishment—she lies out of fear of her father’s anger.,,,,,1
SS_1lie,You will be asked a question. Please respond to it as accurately as possible without using many words.,"One day, Olga is playing with the doll of her little sister Sally. Accidentally she pulls the head from the doll. She tries to attach it to the body, but without success. It looks like the doll is broken! When Sally sees this, she will be mad. It was her favourite doll. 
Sally comes home and searches for her doll. When she finds it she asks Olga if she knows why her doll is broken. Olga says: “Mummy broke it while she was cleaning up!”
Is what Olga says true?",False ,No. Olga broke it herself by pulling the head off and is blaming her mum.,Why does Olga say this?,,To avoid blame and Sally’s anger—she’s shifting the blame to Mummy.,,,,,2
SS_2pretend,You will be asked a question. Please respond to it as accurately as possible without using many words.,"Sally and Anne are playing in the house. Sally takes a banana from the fruit bowl and holds it to her ear. She says to Anne: 'Look, the banana is a telephone!'
Is what Sally says true?",False ,"Literally, no; only in pretend play.",Why does Sally say this? ,,Because she’s pretending—using the banana as a prop phone to start a make-believe game and invite Anne to join.,,,,,0
SS_2pretend,You will be asked a question. Please respond to it as accurately as possible without using many words.,"Peter and Kumar are playing in the house. Peter takes a banana from the fruit bowl and holds it in front of his face. He says to Kumar: 'Look, the banana is my nose!'
Is what Peter says true?",False ,No—literally it’s false (the banana isn’t his nose). It’s only “true” in the make‑believe game: the banana is acting as his nose.,Why does Peter say this? ,,"Because he’s pretending—declaring, for their game, that the banana counts as his nose and inviting Kumar to join the make‑believe.",,,,,1
SS_2pretend,You will be asked a question. Please respond to it as accurately as possible without using many words.,"Peter and Kumar are on the playground. Peter lies down on the floor, with his arms stuck to his body. He says: 'Look, I am a snake!'
Is what Peter says true?",False ,No—he’s a human just pretending to be a snake.,Why does Peter say this? ,,"Because he’s pretending—using figurative talk to invite Kumar into a make‑believe game where his posture (arms tucked in, on the ground) imitates a snake.",,,,,2
SS_3joke,You will be asked a question. Please respond to it as accurately as possible without using many words.,"James goes to Claire's house for the first time. He goes there for a drink and wants to see Claire's dog whom she always talks about. James likes dogs very much. When James gets to Claire's house, Claire runs to the door to open it, and her dog jumps up to greet James. Claire's dog is huge, and almost as tall as James! When James sees Claire's big dog he says, ""Claire, you don't have a dog at all. You have an elephant!
Is what James says true?",False ,"No. He’s exaggerating—using hyperbole to say the dog is very big, not an elephant.",Why does James say this?,,To humorously exaggerate the dog’s size—hyperbole to show surprise at how huge it is.,,,,,0
SS_3joke,You will be asked a question. Please respond to it as accurately as possible without using many words.,"Giulia goes to Robin's house for the first time. She goes there for a visit and wants to see Robin's cat whom he always talks about. Giulia likes cats very much. When Giulia gets to Robin's house, Robin runs to the door to open it, and his cat jumps up to greet Giulia. Robin's cat is huge, and almost half as tall as Giulia! When Giulia sees Robin's big cat she says, ""Robin, you don't have a cat at all. You have an elephant!
Is what Giulia says true?",False ,"No. She’s exaggerating; it’s a very large cat, not an elephant.",Why does Giulia say this?,,Because she’s using hyperbole—jokingly calling the unusually large cat an “elephant” to emphasize its size and her surprise.,,,,,1
SS_3joke,You will be asked a question. Please respond to it as accurately as possible without using many words.,"Robin just woke up and is putting on his clothes. He is almost done. When he grabs his pants he decides not to put them on. He goes down stairs and walks into the kitchen. 
He says to his mother: ""Look mom, I am Donald Duck!""
Is what Robin says true?",False ,"No. He’s just pretending—like Donald Duck, he’s wearing a shirt but no pants.",Why does Robin say this?,,"Because he skipped his pants and is joking that, like Donald Duck, he’s wearing a shirt but no pants.",,,,,2
SS_4whitelie,You will be asked a question. Please respond to it as accurately as possible without using many words.,"Tineke has been looking forward to Christmas all year, because she knew she could ask her parents for a rabbit. Tineke really wants to have a rabbit.
It was finally Christmas, and Tineke hurried to open the big package her parents had given her. She was sure it would contain a rabbit in a cage.
But when she opened the package, with the whole family gathered around her, she saw that there were only a few old books inside. That is not what she wished for.
However, when her parents asked her what she thought of her Christmas present, she said, ""I think it's a nice present, thank you. It's exactly what I wanted.""
Is what Tineke says true?",False ,No. She wanted a rabbit but got old books; she’s being polite (lying).,Why does Tineke say this?,,To be polite and spare her parents’ feelings—offering a “white lie” to show gratitude and not spoil the family moment.,,,,,0
SS_4whitelie,You will be asked a question. Please respond to it as accurately as possible without using many words.,"Heinrich has been looking forward to Christmas all year, because he knew he could ask her parents for a guinea pig. Heinrich really wants to have a guinea pig.
It was finally Christmas, and Heinrich hurried to open the big package her parents had given her. He was sure it would contain a guinea pig in a cage.
But when he opened the package, with the whole family gathered around him, he saw that there were only a few old video games inside. That is not what he wished for.
However, when his parents asked him what he thought of his Christmas present, he said, ""I think it's a nice present, thank you. It's exactly what I wanted.""
Is what Heinrich says true?",False ,"No. He wanted a guinea pig, not old video games, so “exactly what I wanted” is false.",Why does Heinrich say this?,,To be polite—a white lie to spare his parents’ feelings and avoid awkwardness in front of the family.,,,,,1
SS_4whitelie,You will be asked a question. Please respond to it as accurately as possible without using many words.,"Synthia was on a holiday with her parents. She brought her friend Linda. Linda and Synthia made friends with some other children in the holiday resort. Synthia really liked one of the boys, Tim. She talked about him all the time and she was really shy when he came near. 
At the end of the holiday, they played with the other children one more time. When Synthia went on the swing, back and forth, higher and higher. Then, at the highest point, she jumped off. But she didn't see her skirt got stuck in the swing and it ripped. 
Synthia quickly ran away, back to their bungalow. 
When they were in the car back home, Synthia asked to Linda: ""Do you think Tim saw anything?""
At the moment Synthia jumped from the swing, Linda was talking with Tim, and they both saw that happened. However, Linda answered: ""No, I don't think Tim saw anything!""
Is what Linda says true?",False ,No. Linda and Tim saw it happen; she lied to comfort Synthia.,Why does Linda say this? ,,"To spare Synthia embarrassment. It’s a kind, face‑saving white lie to reassure her, since knowing Tim saw would humiliate her.",,,,,2
SS_5misunderstanding,You will be asked a question. Please respond to it as accurately as possible without using many words.,"A burglar just stole from a store. He tries to flee. While running home, a police officer sees that he just dropped a glove. The police officer does not know that the man is a burglar. All he wants to say is that the burglar dropped his glove. But when the police officer yells at the burglar: ""Hey, you there! Stop!”, the burglar turns around, sees the police officer and surrenders. He raises his hands and admits to have stolen from the store nearby.
Is the police officer surprised when he hears what the burglar says?",True ,"Yes. He only meant to return the dropped glove and didn’t know the man was a burglar, so the confession would surprise him.","Why does the burglar surrender and admit his crime, when the police officer just wanted to give him back his glove?",,"Guilty conscience and misinterpretation. Hearing a cop shout “Stop!” right after his theft, he assumed he’d been caught and surrendered, not realizing the officer only meant to return his dropped glove.",,,,,0
SS_5misunderstanding,You will be asked a question. Please respond to it as accurately as possible without using many words.,"A thief just stole from a bazaar. He tries to flee. While running home, a security guard sees that he just dropped a hat. The security guard does not know that the man is a thief. All he wants to say is that the thief dropped his hat. But when the security guard yells at the thief: ""Hey, you there! Stop!”, the thief turns around, sees the security guard and surrenders. He raises his hands and admits to have stolen from the bazaar nearby.
Is the security guard surprised when he hears what the thief says?",True ,Yes—he only meant to return a dropped hat and didn’t know about the theft.,"Why does the thief surrender and admit his crime, when the security guard just wanted to give him back his hat?",,"Because he assumed the uniformed guard’s “Stop!” was about the theft. Guilty conscience + panic made him think he’d been caught, so he confessed.",,,,,1
SS_5misunderstanding,You will be asked a question. Please respond to it as accurately as possible without using many words.,"The teacher doesn't allow Sanne to play soccer until she has completed all her assignments. But she doesn't feel like doing those assignments at all! She secretly goes to the storage room to get the ball.
The school director comes by, he sees that Sanne cannot reach the ball. He doesn't know that she has to finish her assignments first. The director just wants to help Sanne get the ball. He asks, ""Are you okay?""
Sanne is afraid, she thinks she has been caught. She says, 'Sorry! I'll do my assignments first...'
Is the director surprised when he hears what Sanne says?",True ,"Yes. He doesn’t know about the rule and was just trying to help, so her sudden apology about assignments is unexpected.","Why does Sanne say this, when the director only wanted to help her?",,"Because she thinks he’s caught her breaking the teacher’s rule. Misreading his intent, she apologizes and promises to do the assignments out of fear/guilt.",,,,,2
SS_6sarcasm,You will be asked a question. Please respond to it as accurately as possible without using many words.,"Bram's mother cooked for a very long time to make Bram's favorite dish: fish and chips. But when she brings it to Bram, he is watching TV. He doesn't even look up or say thank you. Bram's mother is angry and says, ""Well that's very nice! That's what I call politeness!”
Is it true what Bram's mother says?",False ,No. She’s being sarcastic (verbal irony); Bram was impolite.,Why does Bram's mother say this?,,"She’s using sarcasm to rebuke him. By saying the opposite, she highlights his rudeness and pushes him to acknowledge her effort and say thanks.",,,,,0
SS_6sarcasm,You will be asked a question. Please respond to it as accurately as possible without using many words.,"Kim's father cooked for a very long time to make Kim's favourite dish: dumplings and rice. But when he brings it to Kim, she is watching TV. She doesn't even look up or say thank you. Kim's father is angry and says, ""Well that's very nice! That's what I call politeness!""
Is it true what Kim's father says?",False ,No. He’s being sarcastic—Kim’s behavior was impolite.,Why does Kim's father say this?,,He’s using sarcasm to scold her for being rude—ignoring him and not saying thank you—and to prompt her to show appreciation.,,,,,1
SS_6sarcasm,You will be asked a question. Please respond to it as accurately as possible without using many words.,"Kim promised her father to help clean the kitchen. She first cleaned the sink and then all the doors of the cabinets. She thought it would be a good idea to also clean the cabinets from the inside. When she opened one of them, a pack flour fell out of it on the ground. It exploded and flour was everywhere. At that point, Kim's father entered the kitchen. He said: ""Wow, everything is so clean now!"" 
Is it true what Kim's father says?",False ,No. The flour spill made a mess; he’s likely being sarcastic.,Why does Kim's father say this?,,He’s being sarcastic—saying the opposite to highlight the huge mess from the flour spill.,,,,,2
SS7_dubblebluff,You will be asked a question. Please respond to it as accurately as possible without using many words.,"During the war, the Red Army kidnaps someone from the Blue Army. They want the prisoner to tell them where his army's tanks are. The Red Army knows they must be either by the sea or by the mountains. The Red Army also knows that whoever they kidnapped doesn't want to say anything because he wants to save his own Blue Army. So the prisoner will surely lie to them. The prisoner is very smart and brave and does not want to let them find the tanks. The tanks are in the mountains. The Red Army asks the prisoner where the tanks are. He says, ""They are in the mountains.""
Is it true what the prisoner says?",True ,Yes—he tells the truth knowing they’ll assume he’s lying and search the sea instead.,Why does the prisoner say this?,,"Because it’s a double-bluff. He knows they expect a lie and will invert his answer; saying “mountains” makes them search the sea. If he’d said “sea,” they’d look in the mountains and find the tanks.",,,,,0
SS7_dubblebluff,You will be asked a question. Please respond to it as accurately as possible without using many words.,"During the war, the Roman Army kidnaps someone from the Greek Army. They want the prisoner to tell them where his army's armour supplies are. The Roman Army knows they must be either in the mountains or by the sea. The Roman Army also knows that whoever they kidnapped doesn't want to say anything because he wants to save his own Greek Army. So the prisoner will surely lie to them. The prisoner is very smart and brave and does not want to let them find the armour supplies. The armour supplies are near the sea. The Roman Army asks the prisoner where the armour supplies are. He says, ""They are near the sea.""
Is it true what the prisoner says?",True ,"Yes. The supplies really are by the sea; he tells the truth so the Romans, expecting a lie, will search the mountains.",Why does the prisoner say this?,,"To mislead them. If he lied and said “mountains,” the Romans—expecting a lie—would go to the sea and find the supplies. So he tells the truth as a double-bluff, making them search the mountains.",,,,,1
SS7_dubblebluff,You will be asked a question. Please respond to it as accurately as possible without using many words.,"Jip plays hide and seek with his friends. He has to quickly choose where to hide, behind the tree or the shed. If Jip is found immediately, he has lost. You can hide better behind the shed, so that's the best place. But whoever has to look for him probably thinks so too. Jip is very smart: he hides behind the shed after all!
Where does Jip hide?",Shed,Behind the shed.,Jip realizes that the others will also think that the shed is the best place. Why does he hide behind it?,,"Double-bluff: he expects them to check the tree first, so the shed is safer.",,,,,2
H_1,You will be provided a story. At the end there is a yes/no question. Please answer as accurately as possible.,"Meet Sam and Helen. Sam just moved here. Helen: Hi, you're Sam, aren't you? I'm Helen, I'm in the same class as you. Sam: Oh, hey Helen! How are you? Helen: Fine thanks. Are you settling in OK? Sam: Yeah I'm gradually finding my way around, thanks. Hey, you don't happen to know where I can find the nearest store to buy some post stamps? I need to send a card to my granny. Helen: Oh, that's sweet of you. Sam: Yeah but it’s her birthday tomorrow and I can't see her myself, so I'm kind of worried that it’s not going to get there on time. So I really need to send it today but I don't know where to find a store nearby. Helen: Uhm, I think there is one on Chestnut Street, so if you go down to the end of this street and turn left, then it's about half a block down on the left. Sam: Thanks! Helen: No problem. Here’s Sam again. Later Sam meets his friend Pete. Sam: Hi Pete, how are you? Pete: Oh hi Sam how are you? Sam: Yeah, I'm OK. Pete: You don't sound so happy. What's up? Sam: Oh, I'm just a bit annoyed. I was really hoping to send a card to my granny, so I was looking for a store where they would sell post stamps. So I asked Helen, you know her, right? She is in our class. Pete: Yeah, I know Helen! Sam: Well, I asked Helen where I could buy post stamps. She told me there was a store on Chestnut Street. But when I got there, there was a big sign on the door saying it had moved to Bold Street. So I raced over to Bold Street, but I didn't make it on time, the store was already closed. Pete: No way! Sam: Yeah. So now my granny won't get her birthday card on time and I know she'll be really disappointed. Sam: Hey, I've heard that Helen is a bit of a joker. Do you think she would send me to the wrong place on purpose? Pete: Well, did she know how important it was to send the card today? Sam: Yeah I told her it was for granny's birthday tomorrow. Pete: Then I think she probably wouldn't have been deliberately trying to trick you. It was probably an honest mistake.
Helen: Pete and I are classmates. Is this correct?",Yes,Yes.,why?,,"Because Sam tells Pete, “She is in our class,” which implies Sam and Pete share a class and Helen is in that same class. Therefore Helen and Pete are classmates.",,,1,M,
H_1,You will be provided a story. At the end there is a yes/no question. Please answer as accurately as possible.,"Meet Sam and Helen. Sam just moved here. Helen: Hi, you're Sam, aren't you? I'm Helen, I'm in the same class as you. Sam: Oh, hey Helen! How are you? Helen: Fine thanks. Are you settling in OK? Sam: Yeah I'm gradually finding my way around, thanks. Hey, you don't happen to know where I can find the nearest store to buy some post stamps? I need to send a card to my granny. Helen: Oh, that's sweet of you. Sam: Yeah but it’s her birthday tomorrow and I can't see her myself, so I'm kind of worried that it’s not going to get there on time. So I really need to send it today but I don't know where to find a store nearby. Helen: Uhm, I think there is one on Chestnut Street, so if you go down to the end of this street and turn left, then it's about half a block down on the left. Sam: Thanks! Helen: No problem. Here’s Sam again. Later Sam meets his friend Pete. Sam: Hi Pete, how are you? Pete: Oh hi Sam how are you? Sam: Yeah, I'm OK. Pete: You don't sound so happy. What's up? Sam: Oh, I'm just a bit annoyed. I was really hoping to send a card to my granny, so I was looking for a store where they would sell post stamps. So I asked Helen, you know her, right? She is in our class. Pete: Yeah, I know Helen! Sam: Well, I asked Helen where I could buy post stamps. She told me there was a store on Chestnut Street. But when I got there, there was a big sign on the door saying it had moved to Bold Street. So I raced over to Bold Street, but I didn't make it on time, the store was already closed. Pete: No way! Sam: Yeah. So now my granny won't get her birthday card on time and I know she'll be really disappointed. Sam: Hey, I've heard that Helen is a bit of a joker. Do you think she would send me to the wrong place on purpose? Pete: Well, did she know how important it was to send the card today? Sam: Yeah I told her it was for granny's birthday tomorrow. Pete: Then I think she probably wouldn't have been deliberately trying to trick you. It was probably an honest mistake.
Granny: It is my birthday today. Is this correct?",No,No.,why?,,"Because earlier Sam said “it’s her birthday tomorrow,” and all the events (him trying to buy stamps today) happen on that same day. So it isn’t her birthday yet.",,,1,M,
H_1,You will be provided a story. At the end there is a yes/no question. Please answer as accurately as possible.,"Meet Sam and Helen. Sam just moved here. Helen: Hi, you're Sam, aren't you? I'm Helen, I'm in the same class as you. Sam: Oh, hey Helen! How are you? Helen: Fine thanks. Are you settling in OK? Sam: Yeah I'm gradually finding my way around, thanks. Hey, you don't happen to know where I can find the nearest store to buy some post stamps? I need to send a card to my granny. Helen: Oh, that's sweet of you. Sam: Yeah but it’s her birthday tomorrow and I can't see her myself, so I'm kind of worried that it’s not going to get there on time. So I really need to send it today but I don't know where to find a store nearby. Helen: Uhm, I think there is one on Chestnut Street, so if you go down to the end of this street and turn left, then it's about half a block down on the left. Sam: Thanks! Helen: No problem. Here’s Sam again. Later Sam meets his friend Pete. Sam: Hi Pete, how are you? Pete: Oh hi Sam how are you? Sam: Yeah, I'm OK. Pete: You don't sound so happy. What's up? Sam: Oh, I'm just a bit annoyed. I was really hoping to send a card to my granny, so I was looking for a store where they would sell post stamps. So I asked Helen, you know her, right? She is in our class. Pete: Yeah, I know Helen! Sam: Well, I asked Helen where I could buy post stamps. She told me there was a store on Chestnut Street. But when I got there, there was a big sign on the door saying it had moved to Bold Street. So I raced over to Bold Street, but I didn't make it on time, the store was already closed. Pete: No way! Sam: Yeah. So now my granny won't get her birthday card on time and I know she'll be really disappointed. Sam: Hey, I've heard that Helen is a bit of a joker. Do you think she would send me to the wrong place on purpose? Pete: Well, did she know how important it was to send the card today? Sam: Yeah I told her it was for granny's birthday tomorrow. Pete: Then I think she probably wouldn't have been deliberately trying to trick you. It was probably an honest mistake.
Sam: I just moved here and my granny's birthday is coming up. Is this correct?",Yes,Yes.,why?,,"Because the story explicitly says “Sam just moved here,” and Sam tells Helen he needs stamps to send his granny a card because “it’s her birthday tomorrow,” meaning her birthday is coming up.",,,2,M,
H_1,You will be provided a story. At the end there is a yes/no question. Please answer as accurately as possible.,"Meet Sam and Helen. Sam just moved here. Helen: Hi, you're Sam, aren't you? I'm Helen, I'm in the same class as you. Sam: Oh, hey Helen! How are you? Helen: Fine thanks. Are you settling in OK? Sam: Yeah I'm gradually finding my way around, thanks. Hey, you don't happen to know where I can find the nearest store to buy some post stamps? I need to send a card to my granny. Helen: Oh, that's sweet of you. Sam: Yeah but it’s her birthday tomorrow and I can't see her myself, so I'm kind of worried that it’s not going to get there on time. So I really need to send it today but I don't know where to find a store nearby. Helen: Uhm, I think there is one on Chestnut Street, so if you go down to the end of this street and turn left, then it's about half a block down on the left. Sam: Thanks! Helen: No problem. Here’s Sam again. Later Sam meets his friend Pete. Sam: Hi Pete, how are you? Pete: Oh hi Sam how are you? Sam: Yeah, I'm OK. Pete: You don't sound so happy. What's up? Sam: Oh, I'm just a bit annoyed. I was really hoping to send a card to my granny, so I was looking for a store where they would sell post stamps. So I asked Helen, you know her, right? She is in our class. Pete: Yeah, I know Helen! Sam: Well, I asked Helen where I could buy post stamps. She told me there was a store on Chestnut Street. But when I got there, there was a big sign on the door saying it had moved to Bold Street. So I raced over to Bold Street, but I didn't make it on time, the store was already closed. Pete: No way! Sam: Yeah. So now my granny won't get her birthday card on time and I know she'll be really disappointed. Sam: Hey, I've heard that Helen is a bit of a joker. Do you think she would send me to the wrong place on purpose? Pete: Well, did she know how important it was to send the card today? Sam: Yeah I told her it was for granny's birthday tomorrow. Pete: Then I think she probably wouldn't have been deliberately trying to trick you. It was probably an honest mistake.
Sam: I asked where there was a shop that sells post stamps because I wanted to send a package. Is this correct?",No,No.,why?,,"Because in the story you needed postage stamps to mail a birthday card to your granny, not to send a package. You never mentioned a package—only the card.",,,2,M,
H_1,You will be provided a story. At the end there is a yes/no question. Please answer as accurately as possible.,"Meet Sam and Helen. Sam just moved here. Helen: Hi, you're Sam, aren't you? I'm Helen, I'm in the same class as you. Sam: Oh, hey Helen! How are you? Helen: Fine thanks. Are you settling in OK? Sam: Yeah I'm gradually finding my way around, thanks. Hey, you don't happen to know where I can find the nearest store to buy some post stamps? I need to send a card to my granny. Helen: Oh, that's sweet of you. Sam: Yeah but it’s her birthday tomorrow and I can't see her myself, so I'm kind of worried that it’s not going to get there on time. So I really need to send it today but I don't know where to find a store nearby. Helen: Uhm, I think there is one on Chestnut Street, so if you go down to the end of this street and turn left, then it's about half a block down on the left. Sam: Thanks! Helen: No problem. Here’s Sam again. Later Sam meets his friend Pete. Sam: Hi Pete, how are you? Pete: Oh hi Sam how are you? Sam: Yeah, I'm OK. Pete: You don't sound so happy. What's up? Sam: Oh, I'm just a bit annoyed. I was really hoping to send a card to my granny, so I was looking for a store where they would sell post stamps. So I asked Helen, you know her, right? She is in our class. Pete: Yeah, I know Helen! Sam: Well, I asked Helen where I could buy post stamps. She told me there was a store on Chestnut Street. But when I got there, there was a big sign on the door saying it had moved to Bold Street. So I raced over to Bold Street, but I didn't make it on time, the store was already closed. Pete: No way! Sam: Yeah. So now my granny won't get her birthday card on time and I know she'll be really disappointed. Sam: Hey, I've heard that Helen is a bit of a joker. Do you think she would send me to the wrong place on purpose? Pete: Well, did she know how important it was to send the card today? Sam: Yeah I told her it was for granny's birthday tomorrow. Pete: Then I think she probably wouldn't have been deliberately trying to trick you. It was probably an honest mistake.
Sam: I believed Helen when she told me where the store was. Is this correct?",Yes,Yes,why?,,"Because he acted on her directions without hesitation—he went to Chestnut Street. He only questioned her intentions afterward, when he discovered the store had moved, so at the time he clearly believed her.",,,2,I,
H_1,You will be provided a story. At the end there is a yes/no question. Please answer as accurately as possible.,"Meet Sam and Helen. Sam just moved here. Helen: Hi, you're Sam, aren't you? I'm Helen, I'm in the same class as you. Sam: Oh, hey Helen! How are you? Helen: Fine thanks. Are you settling in OK? Sam: Yeah I'm gradually finding my way around, thanks. Hey, you don't happen to know where I can find the nearest store to buy some post stamps? I need to send a card to my granny. Helen: Oh, that's sweet of you. Sam: Yeah but it’s her birthday tomorrow and I can't see her myself, so I'm kind of worried that it’s not going to get there on time. So I really need to send it today but I don't know where to find a store nearby. Helen: Uhm, I think there is one on Chestnut Street, so if you go down to the end of this street and turn left, then it's about half a block down on the left. Sam: Thanks! Helen: No problem. Here’s Sam again. Later Sam meets his friend Pete. Sam: Hi Pete, how are you? Pete: Oh hi Sam how are you? Sam: Yeah, I'm OK. Pete: You don't sound so happy. What's up? Sam: Oh, I'm just a bit annoyed. I was really hoping to send a card to my granny, so I was looking for a store where they would sell post stamps. So I asked Helen, you know her, right? She is in our class. Pete: Yeah, I know Helen! Sam: Well, I asked Helen where I could buy post stamps. She told me there was a store on Chestnut Street. But when I got there, there was a big sign on the door saying it had moved to Bold Street. So I raced over to Bold Street, but I didn't make it on time, the store was already closed. Pete: No way! Sam: Yeah. So now my granny won't get her birthday card on time and I know she'll be really disappointed. Sam: Hey, I've heard that Helen is a bit of a joker. Do you think she would send me to the wrong place on purpose? Pete: Well, did she know how important it was to send the card today? Sam: Yeah I told her it was for granny's birthday tomorrow. Pete: Then I think she probably wouldn't have been deliberately trying to trick you. It was probably an honest mistake.
Sam: I couldn't send the card because when I arrived to the right store, it was already closed. Is this correct?",Yes,Yes.,why?,,"Because the Chestnut Street shop had moved to Bold Street, and when Sam got to the new (right) location it was already closed. Since he couldn’t buy stamps, he couldn’t send the card that day.",,,3,M,
H_1,You will be provided a story. At the end there is a yes/no question. Please answer as accurately as possible.,"Meet Sam and Helen. Sam just moved here. Helen: Hi, you're Sam, aren't you? I'm Helen, I'm in the same class as you. Sam: Oh, hey Helen! How are you? Helen: Fine thanks. Are you settling in OK? Sam: Yeah I'm gradually finding my way around, thanks. Hey, you don't happen to know where I can find the nearest store to buy some post stamps? I need to send a card to my granny. Helen: Oh, that's sweet of you. Sam: Yeah but it’s her birthday tomorrow and I can't see her myself, so I'm kind of worried that it’s not going to get there on time. So I really need to send it today but I don't know where to find a store nearby. Helen: Uhm, I think there is one on Chestnut Street, so if you go down to the end of this street and turn left, then it's about half a block down on the left. Sam: Thanks! Helen: No problem. Here’s Sam again. Later Sam meets his friend Pete. Sam: Hi Pete, how are you? Pete: Oh hi Sam how are you? Sam: Yeah, I'm OK. Pete: You don't sound so happy. What's up? Sam: Oh, I'm just a bit annoyed. I was really hoping to send a card to my granny, so I was looking for a store where they would sell post stamps. So I asked Helen, you know her, right? She is in our class. Pete: Yeah, I know Helen! Sam: Well, I asked Helen where I could buy post stamps. She told me there was a store on Chestnut Street. But when I got there, there was a big sign on the door saying it had moved to Bold Street. So I raced over to Bold Street, but I didn't make it on time, the store was already closed. Pete: No way! Sam: Yeah. So now my granny won't get her birthday card on time and I know she'll be really disappointed. Sam: Hey, I've heard that Helen is a bit of a joker. Do you think she would send me to the wrong place on purpose? Pete: Well, did she know how important it was to send the card today? Sam: Yeah I told her it was for granny's birthday tomorrow. Pete: Then I think she probably wouldn't have been deliberately trying to trick you. It was probably an honest mistake.
Sam: When I left Bold street, I went back to the school and talked to Helen. Is this correct?",No,No,why?,,"Because the story never says he went back to the school or talked to Helen after leaving Bold Street. It only says that later he met Pete and told him what happened, and the scene ends there.",,,3,M,
H_1,You will be provided a story. At the end there is a yes/no question. Please answer as accurately as possible.,"Meet Sam and Helen. Sam just moved here. Helen: Hi, you're Sam, aren't you? I'm Helen, I'm in the same class as you. Sam: Oh, hey Helen! How are you? Helen: Fine thanks. Are you settling in OK? Sam: Yeah I'm gradually finding my way around, thanks. Hey, you don't happen to know where I can find the nearest store to buy some post stamps? I need to send a card to my granny. Helen: Oh, that's sweet of you. Sam: Yeah but it’s her birthday tomorrow and I can't see her myself, so I'm kind of worried that it’s not going to get there on time. So I really need to send it today but I don't know where to find a store nearby. Helen: Uhm, I think there is one on Chestnut Street, so if you go down to the end of this street and turn left, then it's about half a block down on the left. Sam: Thanks! Helen: No problem. Here’s Sam again. Later Sam meets his friend Pete. Sam: Hi Pete, how are you? Pete: Oh hi Sam how are you? Sam: Yeah, I'm OK. Pete: You don't sound so happy. What's up? Sam: Oh, I'm just a bit annoyed. I was really hoping to send a card to my granny, so I was looking for a store where they would sell post stamps. So I asked Helen, you know her, right? She is in our class. Pete: Yeah, I know Helen! Sam: Well, I asked Helen where I could buy post stamps. She told me there was a store on Chestnut Street. But when I got there, there was a big sign on the door saying it had moved to Bold Street. So I raced over to Bold Street, but I didn't make it on time, the store was already closed. Pete: No way! Sam: Yeah. So now my granny won't get her birthday card on time and I know she'll be really disappointed. Sam: Hey, I've heard that Helen is a bit of a joker. Do you think she would send me to the wrong place on purpose? Pete: Well, did she know how important it was to send the card today? Sam: Yeah I told her it was for granny's birthday tomorrow. Pete: Then I think she probably wouldn't have been deliberately trying to trick you. It was probably an honest mistake.
Pete: I thought Helen didn't know that the store had moved. Is this correct?",Yes,Yes.,why?,,"Because after hearing that Helen knew it was urgent, Pete said “it was probably an honest mistake,” meaning he believed she hadn’t realized the store had moved and wasn’t trying to mislead Sam.",,,3,I,
H_1,You will be provided a story. At the end there is a yes/no question. Please answer as accurately as possible.,"Meet Sam and Helen. Sam just moved here. Helen: Hi, you're Sam, aren't you? I'm Helen, I'm in the same class as you. Sam: Oh, hey Helen! How are you? Helen: Fine thanks. Are you settling in OK? Sam: Yeah I'm gradually finding my way around, thanks. Hey, you don't happen to know where I can find the nearest store to buy some post stamps? I need to send a card to my granny. Helen: Oh, that's sweet of you. Sam: Yeah but it’s her birthday tomorrow and I can't see her myself, so I'm kind of worried that it’s not going to get there on time. So I really need to send it today but I don't know where to find a store nearby. Helen: Uhm, I think there is one on Chestnut Street, so if you go down to the end of this street and turn left, then it's about half a block down on the left. Sam: Thanks! Helen: No problem. Here’s Sam again. Later Sam meets his friend Pete. Sam: Hi Pete, how are you? Pete: Oh hi Sam how are you? Sam: Yeah, I'm OK. Pete: You don't sound so happy. What's up? Sam: Oh, I'm just a bit annoyed. I was really hoping to send a card to my granny, so I was looking for a store where they would sell post stamps. So I asked Helen, you know her, right? She is in our class. Pete: Yeah, I know Helen! Sam: Well, I asked Helen where I could buy post stamps. She told me there was a store on Chestnut Street. But when I got there, there was a big sign on the door saying it had moved to Bold Street. So I raced over to Bold Street, but I didn't make it on time, the store was already closed. Pete: No way! Sam: Yeah. So now my granny won't get her birthday card on time and I know she'll be really disappointed. Sam: Hey, I've heard that Helen is a bit of a joker. Do you think she would send me to the wrong place on purpose? Pete: Well, did she know how important it was to send the card today? Sam: Yeah I told her it was for granny's birthday tomorrow. Pete: Then I think she probably wouldn't have been deliberately trying to trick you. It was probably an honest mistake.
Helen: I think that Sam wants to buy a birthday card for his grandmother. Did Helen really think this?",No,No.,why?,,"Because Sam told her he needed postage stamps to send a card he already had. He said, “where I can find the nearest store to buy some post stamps? I need to send a card to my granny.” So Helen would think he wanted stamps, not that he needed to buy a birthday card.",,,3,I,
H_1,You will be provided a story. At the end there is a yes/no question. Please answer as accurately as possible.,"Meet Sam and Helen. Sam just moved here. Helen: Hi, you're Sam, aren't you? I'm Helen, I'm in the same class as you. Sam: Oh, hey Helen! How are you? Helen: Fine thanks. Are you settling in OK? Sam: Yeah I'm gradually finding my way around, thanks. Hey, you don't happen to know where I can find the nearest store to buy some post stamps? I need to send a card to my granny. Helen: Oh, that's sweet of you. Sam: Yeah but it’s her birthday tomorrow and I can't see her myself, so I'm kind of worried that it’s not going to get there on time. So I really need to send it today but I don't know where to find a store nearby. Helen: Uhm, I think there is one on Chestnut Street, so if you go down to the end of this street and turn left, then it's about half a block down on the left. Sam: Thanks! Helen: No problem. Here’s Sam again. Later Sam meets his friend Pete. Sam: Hi Pete, how are you? Pete: Oh hi Sam how are you? Sam: Yeah, I'm OK. Pete: You don't sound so happy. What's up? Sam: Oh, I'm just a bit annoyed. I was really hoping to send a card to my granny, so I was looking for a store where they would sell post stamps. So I asked Helen, you know her, right? She is in our class. Pete: Yeah, I know Helen! Sam: Well, I asked Helen where I could buy post stamps. She told me there was a store on Chestnut Street. But when I got there, there was a big sign on the door saying it had moved to Bold Street. So I raced over to Bold Street, but I didn't make it on time, the store was already closed. Pete: No way! Sam: Yeah. So now my granny won't get her birthday card on time and I know she'll be really disappointed. Sam: Hey, I've heard that Helen is a bit of a joker. Do you think she would send me to the wrong place on purpose? Pete: Well, did she know how important it was to send the card today? Sam: Yeah I told her it was for granny's birthday tomorrow. Pete: Then I think she probably wouldn't have been deliberately trying to trick you. It was probably an honest mistake.
Pete: Sam and I are friends. I told Sam that Helen (our classmate) is the joker of the class. Is this correct?",No,No,why?,,"Because in the story Sam says, “I’ve heard that Helen is a bit of a joker.” Pete never tells Sam that; instead, Pete says she probably wasn’t trying to trick him and it was likely an honest mistake.",,,4,M,
H_1,You will be provided a story. At the end there is a yes/no question. Please answer as accurately as possible.,"Meet Sam and Helen. Sam just moved here. Helen: Hi, you're Sam, aren't you? I'm Helen, I'm in the same class as you. Sam: Oh, hey Helen! How are you? Helen: Fine thanks. Are you settling in OK? Sam: Yeah I'm gradually finding my way around, thanks. Hey, you don't happen to know where I can find the nearest store to buy some post stamps? I need to send a card to my granny. Helen: Oh, that's sweet of you. Sam: Yeah but it’s her birthday tomorrow and I can't see her myself, so I'm kind of worried that it’s not going to get there on time. So I really need to send it today but I don't know where to find a store nearby. Helen: Uhm, I think there is one on Chestnut Street, so if you go down to the end of this street and turn left, then it's about half a block down on the left. Sam: Thanks! Helen: No problem. Here’s Sam again. Later Sam meets his friend Pete. Sam: Hi Pete, how are you? Pete: Oh hi Sam how are you? Sam: Yeah, I'm OK. Pete: You don't sound so happy. What's up? Sam: Oh, I'm just a bit annoyed. I was really hoping to send a card to my granny, so I was looking for a store where they would sell post stamps. So I asked Helen, you know her, right? She is in our class. Pete: Yeah, I know Helen! Sam: Well, I asked Helen where I could buy post stamps. She told me there was a store on Chestnut Street. But when I got there, there was a big sign on the door saying it had moved to Bold Street. So I raced over to Bold Street, but I didn't make it on time, the store was already closed. Pete: No way! Sam: Yeah. So now my granny won't get her birthday card on time and I know she'll be really disappointed. Sam: Hey, I've heard that Helen is a bit of a joker. Do you think she would send me to the wrong place on purpose? Pete: Well, did she know how important it was to send the card today? Sam: Yeah I told her it was for granny's birthday tomorrow. Pete: Then I think she probably wouldn't have been deliberately trying to trick you. It was probably an honest mistake.
Helen: Sam asked me where there was a shop that sells post stamps. Sam is a friend of Pete's, and we're both in the same class. Is this correct?",Yes,Yes.,why?,,"Because each part matches the dialogue:
- Sam asked Helen: “you don't happen to know where I can find the nearest store to buy some post stamps?”
- The narration says: “Later Sam meets his friend Pete,” so Sam is Pete’s friend.
- Helen introduces herself to Sam: “I’m Helen, I’m in the same class as you,” so Helen and Sam are in the same class.",,,4,M,
H_1,You will be provided a story. At the end there is a yes/no question. Please answer as accurately as possible.,"Meet Sam and Helen. Sam just moved here. Helen: Hi, you're Sam, aren't you? I'm Helen, I'm in the same class as you. Sam: Oh, hey Helen! How are you? Helen: Fine thanks. Are you settling in OK? Sam: Yeah I'm gradually finding my way around, thanks. Hey, you don't happen to know where I can find the nearest store to buy some post stamps? I need to send a card to my granny. Helen: Oh, that's sweet of you. Sam: Yeah but it’s her birthday tomorrow and I can't see her myself, so I'm kind of worried that it’s not going to get there on time. So I really need to send it today but I don't know where to find a store nearby. Helen: Uhm, I think there is one on Chestnut Street, so if you go down to the end of this street and turn left, then it's about half a block down on the left. Sam: Thanks! Helen: No problem. Here’s Sam again. Later Sam meets his friend Pete. Sam: Hi Pete, how are you? Pete: Oh hi Sam how are you? Sam: Yeah, I'm OK. Pete: You don't sound so happy. What's up? Sam: Oh, I'm just a bit annoyed. I was really hoping to send a card to my granny, so I was looking for a store where they would sell post stamps. So I asked Helen, you know her, right? She is in our class. Pete: Yeah, I know Helen! Sam: Well, I asked Helen where I could buy post stamps. She told me there was a store on Chestnut Street. But when I got there, there was a big sign on the door saying it had moved to Bold Street. So I raced over to Bold Street, but I didn't make it on time, the store was already closed. Pete: No way! Sam: Yeah. So now my granny won't get her birthday card on time and I know she'll be really disappointed. Sam: Hey, I've heard that Helen is a bit of a joker. Do you think she would send me to the wrong place on purpose? Pete: Well, did she know how important it was to send the card today? Sam: Yeah I told her it was for granny's birthday tomorrow. Pete: Then I think she probably wouldn't have been deliberately trying to trick you. It was probably an honest mistake.
Helen: I thought Sam did not believe that I knew the location of the store that sells post stamps. Is this correct?",No,No.,why?,,"Because Sam accepted your directions and went to Chestnut Street, he clearly trusted that you knew. He never expressed doubt at the time—he thanked you and followed your advice. Later he wondered if you might have been joking (questioning your intention), but not whether you knew; the store had simply moved, so it was likely an honest mistake.",,,4,I,
H_1,You will be provided a story. At the end there is a yes/no question. Please answer as accurately as possible.,"Meet Sam and Helen. Sam just moved here. Helen: Hi, you're Sam, aren't you? I'm Helen, I'm in the same class as you. Sam: Oh, hey Helen! How are you? Helen: Fine thanks. Are you settling in OK? Sam: Yeah I'm gradually finding my way around, thanks. Hey, you don't happen to know where I can find the nearest store to buy some post stamps? I need to send a card to my granny. Helen: Oh, that's sweet of you. Sam: Yeah but it’s her birthday tomorrow and I can't see her myself, so I'm kind of worried that it’s not going to get there on time. So I really need to send it today but I don't know where to find a store nearby. Helen: Uhm, I think there is one on Chestnut Street, so if you go down to the end of this street and turn left, then it's about half a block down on the left. Sam: Thanks! Helen: No problem. Here’s Sam again. Later Sam meets his friend Pete. Sam: Hi Pete, how are you? Pete: Oh hi Sam how are you? Sam: Yeah, I'm OK. Pete: You don't sound so happy. What's up? Sam: Oh, I'm just a bit annoyed. I was really hoping to send a card to my granny, so I was looking for a store where they would sell post stamps. So I asked Helen, you know her, right? She is in our class. Pete: Yeah, I know Helen! Sam: Well, I asked Helen where I could buy post stamps. She told me there was a store on Chestnut Street. But when I got there, there was a big sign on the door saying it had moved to Bold Street. So I raced over to Bold Street, but I didn't make it on time, the store was already closed. Pete: No way! Sam: Yeah. So now my granny won't get her birthday card on time and I know she'll be really disappointed. Sam: Hey, I've heard that Helen is a bit of a joker. Do you think she would send me to the wrong place on purpose? Pete: Well, did she know how important it was to send the card today? Sam: Yeah I told her it was for granny's birthday tomorrow. Pete: Then I think she probably wouldn't have been deliberately trying to trick you. It was probably an honest mistake.
Pete: Sam thinks that Helen is fooling him. What Sam thinks isn't true. Is this what Pete thought?",Yes,Yes,why?,,"Because Pete says he thinks Helen “probably wouldn’t have been deliberately trying to trick you” and that it was “probably an honest mistake.” That means he believes Helen wasn’t fooling Sam, so Sam’s belief is false—exactly what the statement “what Sam thinks isn’t true” says.",,,4,I,
H_1,You will be provided a story. At the end there is a yes/no question. Please answer as accurately as possible.,"Meet Sam and Helen. Sam just moved here. Helen: Hi, you're Sam, aren't you? I'm Helen, I'm in the same class as you. Sam: Oh, hey Helen! How are you? Helen: Fine thanks. Are you settling in OK? Sam: Yeah I'm gradually finding my way around, thanks. Hey, you don't happen to know where I can find the nearest store to buy some post stamps? I need to send a card to my granny. Helen: Oh, that's sweet of you. Sam: Yeah but it’s her birthday tomorrow and I can't see her myself, so I'm kind of worried that it’s not going to get there on time. So I really need to send it today but I don't know where to find a store nearby. Helen: Uhm, I think there is one on Chestnut Street, so if you go down to the end of this street and turn left, then it's about half a block down on the left. Sam: Thanks! Helen: No problem. Here’s Sam again. Later Sam meets his friend Pete. Sam: Hi Pete, how are you? Pete: Oh hi Sam how are you? Sam: Yeah, I'm OK. Pete: You don't sound so happy. What's up? Sam: Oh, I'm just a bit annoyed. I was really hoping to send a card to my granny, so I was looking for a store where they would sell post stamps. So I asked Helen, you know her, right? She is in our class. Pete: Yeah, I know Helen! Sam: Well, I asked Helen where I could buy post stamps. She told me there was a store on Chestnut Street. But when I got there, there was a big sign on the door saying it had moved to Bold Street. So I raced over to Bold Street, but I didn't make it on time, the store was already closed. Pete: No way! Sam: Yeah. So now my granny won't get her birthday card on time and I know she'll be really disappointed. Sam: Hey, I've heard that Helen is a bit of a joker. Do you think she would send me to the wrong place on purpose? Pete: Well, did she know how important it was to send the card today? Sam: Yeah I told her it was for granny's birthday tomorrow. Pete: Then I think she probably wouldn't have been deliberately trying to trick you. It was probably an honest mistake.
Sam: When I asked Helen about the location of the store that sells post stamps, she told me that it was on Chestnut street. I told her that it has now moved to Bold Street. I then told all this to Pete. Is this correct?",No,No,why?,,"Because you never told Helen about the move. In the story, Helen told you “Chestnut Street,” you later discovered from a sign that it had moved to Bold Street, and you told Pete about that. You did not go back and tell Helen it had moved, so your summary is incorrect.",,,5,M,
H_1,You will be provided a story. At the end there is a yes/no question. Please answer as accurately as possible.,"Meet Sam and Helen. Sam just moved here. Helen: Hi, you're Sam, aren't you? I'm Helen, I'm in the same class as you. Sam: Oh, hey Helen! How are you? Helen: Fine thanks. Are you settling in OK? Sam: Yeah I'm gradually finding my way around, thanks. Hey, you don't happen to know where I can find the nearest store to buy some post stamps? I need to send a card to my granny. Helen: Oh, that's sweet of you. Sam: Yeah but it’s her birthday tomorrow and I can't see her myself, so I'm kind of worried that it’s not going to get there on time. So I really need to send it today but I don't know where to find a store nearby. Helen: Uhm, I think there is one on Chestnut Street, so if you go down to the end of this street and turn left, then it's about half a block down on the left. Sam: Thanks! Helen: No problem. Here’s Sam again. Later Sam meets his friend Pete. Sam: Hi Pete, how are you? Pete: Oh hi Sam how are you? Sam: Yeah, I'm OK. Pete: You don't sound so happy. What's up? Sam: Oh, I'm just a bit annoyed. I was really hoping to send a card to my granny, so I was looking for a store where they would sell post stamps. So I asked Helen, you know her, right? She is in our class. Pete: Yeah, I know Helen! Sam: Well, I asked Helen where I could buy post stamps. She told me there was a store on Chestnut Street. But when I got there, there was a big sign on the door saying it had moved to Bold Street. So I raced over to Bold Street, but I didn't make it on time, the store was already closed. Pete: No way! Sam: Yeah. So now my granny won't get her birthday card on time and I know she'll be really disappointed. Sam: Hey, I've heard that Helen is a bit of a joker. Do you think she would send me to the wrong place on purpose? Pete: Well, did she know how important it was to send the card today? Sam: Yeah I told her it was for granny's birthday tomorrow. Pete: Then I think she probably wouldn't have been deliberately trying to trick you. It was probably an honest mistake.
Sam: I asked Helen where there was a store that sells post stamps. I had a card for my grandmother that would arrive on time only if I sent it today. Is this correct?",Yes,Yes.,why?,,"Because both parts match what Sam says in the story:
- He asks Helen: “you don’t happen to know where I can find the nearest store to buy some post stamps?”
- He explains urgency: “it’s her birthday tomorrow… I really need to send it today,” and later, “now my granny won’t get her birthday card on time,” implying mailing it that day was necessary for it to arrive on time.",,,5,M,
H_1,You will be provided a story. At the end there is a yes/no question. Please answer as accurately as possible.,"Meet Sam and Helen. Sam just moved here. Helen: Hi, you're Sam, aren't you? I'm Helen, I'm in the same class as you. Sam: Oh, hey Helen! How are you? Helen: Fine thanks. Are you settling in OK? Sam: Yeah I'm gradually finding my way around, thanks. Hey, you don't happen to know where I can find the nearest store to buy some post stamps? I need to send a card to my granny. Helen: Oh, that's sweet of you. Sam: Yeah but it’s her birthday tomorrow and I can't see her myself, so I'm kind of worried that it’s not going to get there on time. So I really need to send it today but I don't know where to find a store nearby. Helen: Uhm, I think there is one on Chestnut Street, so if you go down to the end of this street and turn left, then it's about half a block down on the left. Sam: Thanks! Helen: No problem. Here’s Sam again. Later Sam meets his friend Pete. Sam: Hi Pete, how are you? Pete: Oh hi Sam how are you? Sam: Yeah, I'm OK. Pete: You don't sound so happy. What's up? Sam: Oh, I'm just a bit annoyed. I was really hoping to send a card to my granny, so I was looking for a store where they would sell post stamps. So I asked Helen, you know her, right? She is in our class. Pete: Yeah, I know Helen! Sam: Well, I asked Helen where I could buy post stamps. She told me there was a store on Chestnut Street. But when I got there, there was a big sign on the door saying it had moved to Bold Street. So I raced over to Bold Street, but I didn't make it on time, the store was already closed. Pete: No way! Sam: Yeah. So now my granny won't get her birthday card on time and I know she'll be really disappointed. Sam: Hey, I've heard that Helen is a bit of a joker. Do you think she would send me to the wrong place on purpose? Pete: Well, did she know how important it was to send the card today? Sam: Yeah I told her it was for granny's birthday tomorrow. Pete: Then I think she probably wouldn't have been deliberately trying to trick you. It was probably an honest mistake.
Pete: Do you know what I thought? I thought that Helen wanted Sam to know that she didn't realize that the store was no longer on Chestnut Street. Is this true?",No,No.,why?,,"Because nothing suggests Helen had that meta-intention. She believed there was a store on Chestnut Street and didn’t know it had moved; you can’t intend to signal ignorance about something you don’t realize. Pete’s conclusion was simply that it was an honest mistake, not that Helen was trying to make Sam aware of her own not-knowing.",,,5,I,
H_3,You will be provided a story. At the end there is a yes/no question. Please answer as accurately as possible.,"Meet Hannah. She is late for the lunch break and when she comes in, all the places are taken. Then, she discovers there is a free chair next to Ama and her boyfriend, Matthias. Hannah: Hi guys, I'm late, can I sit here? Ama: Oh actually, I was saving that seat for Abi. Hannah: Oh, okay. Ama: Sorry! Hannah meets Carolyn. Hannah: Hey Carolyn, can I sit here? Carolyn: Sure. Carolyn: Hey are you OK? You look a bit upset. Hannah: Yeah I'm alright, it's just that Ama is so mean sometimes. Carolyn: What happened? Hannah: Well, I came in to lunch a bit late, and there were hardly any seats left, but when I asked if I could sit at the table with her and Matthias and their friends, Ama said she was saving the seat for Abi! Carolyn: So? Ama and Abi always save seats for each other. Hannah: But Abi went home sick this morning! So Ama couldn't have been saving the seat for her. She was just making up an excuse. Hannah: I think the real reason that she didn't want me to sit with them is that she's jealous. She thinks her boyfriend Matthias has a crush on me, but it isn't true! Carolyn: Well, I didn't know that Abi was off sick. I was in a rehearsal all morning, and actually, Ama was there too, so she probably didn't know either that Abi had gone home. Carolyn: Besides, we sat with her and Matthias at lunch yesterday and that didn't bother her. So I don't think she's jealous of you.
Abi: I sat at the table with Carolyn. Is this correct?",No,No.,why?,,"Because Abi went home sick that morning and wasn’t at lunch. Carolyn sat with Hannah, not Abi.",,,1,M,
H_3,You will be provided a story. At the end there is a yes/no question. Please answer as accurately as possible.,"Meet Hannah. She is late for the lunch break and when she comes in, all the places are taken. Then, she discovers there is a free chair next to Ama and her boyfriend, Matthias. Hannah: Hi guys, I'm late, can I sit here? Ama: Oh actually, I was saving that seat for Abi. Hannah: Oh, okay. Ama: Sorry! Hannah meets Carolyn. Hannah: Hey Carolyn, can I sit here? Carolyn: Sure. Carolyn: Hey are you OK? You look a bit upset. Hannah: Yeah I'm alright, it's just that Ama is so mean sometimes. Carolyn: What happened? Hannah: Well, I came in to lunch a bit late, and there were hardly any seats left, but when I asked if I could sit at the table with her and Matthias and their friends, Ama said she was saving the seat for Abi! Carolyn: So? Ama and Abi always save seats for each other. Hannah: But Abi went home sick this morning! So Ama couldn't have been saving the seat for her. She was just making up an excuse. Hannah: I think the real reason that she didn't want me to sit with them is that she's jealous. She thinks her boyfriend Matthias has a crush on me, but it isn't true! Carolyn: Well, I didn't know that Abi was off sick. I was in a rehearsal all morning, and actually, Ama was there too, so she probably didn't know either that Abi had gone home. Carolyn: Besides, we sat with her and Matthias at lunch yesterday and that didn't bother her. So I don't think she's jealous of you.
Matthias: I am Ama's boyfriend. Is this correct?",Yes,Yes.,why?,,"Because the story explicitly says there was “a free chair next to Ama and her boyfriend, Matthias,” identifying Matthias as Ama’s boyfriend.",,,1,M,
H_3,You will be provided a story. At the end there is a yes/no question. Please answer as accurately as possible.,"Meet Hannah. She is late for the lunch break and when she comes in, all the places are taken. Then, she discovers there is a free chair next to Ama and her boyfriend, Matthias. Hannah: Hi guys, I'm late, can I sit here? Ama: Oh actually, I was saving that seat for Abi. Hannah: Oh, okay. Ama: Sorry! Hannah meets Carolyn. Hannah: Hey Carolyn, can I sit here? Carolyn: Sure. Carolyn: Hey are you OK? You look a bit upset. Hannah: Yeah I'm alright, it's just that Ama is so mean sometimes. Carolyn: What happened? Hannah: Well, I came in to lunch a bit late, and there were hardly any seats left, but when I asked if I could sit at the table with her and Matthias and their friends, Ama said she was saving the seat for Abi! Carolyn: So? Ama and Abi always save seats for each other. Hannah: But Abi went home sick this morning! So Ama couldn't have been saving the seat for her. She was just making up an excuse. Hannah: I think the real reason that she didn't want me to sit with them is that she's jealous. She thinks her boyfriend Matthias has a crush on me, but it isn't true! Carolyn: Well, I didn't know that Abi was off sick. I was in a rehearsal all morning, and actually, Ama was there too, so she probably didn't know either that Abi had gone home. Carolyn: Besides, we sat with her and Matthias at lunch yesterday and that didn't bother her. So I don't think she's jealous of you.
Carolyn: I told Hannah that Ama was at the rehearsal.ÊIs that correct?",Yes,Yes,why?,,"Because in the conversation Carolyn says, “I was in a rehearsal all morning, and actually, Ama was there too,” which is her telling Hannah that Ama was at the rehearsal.",,,2,M,
H_3,You will be provided a story. At the end there is a yes/no question. Please answer as accurately as possible.,"Meet Hannah. She is late for the lunch break and when she comes in, all the places are taken. Then, she discovers there is a free chair next to Ama and her boyfriend, Matthias. Hannah: Hi guys, I'm late, can I sit here? Ama: Oh actually, I was saving that seat for Abi. Hannah: Oh, okay. Ama: Sorry! Hannah meets Carolyn. Hannah: Hey Carolyn, can I sit here? Carolyn: Sure. Carolyn: Hey are you OK? You look a bit upset. Hannah: Yeah I'm alright, it's just that Ama is so mean sometimes. Carolyn: What happened? Hannah: Well, I came in to lunch a bit late, and there were hardly any seats left, but when I asked if I could sit at the table with her and Matthias and their friends, Ama said she was saving the seat for Abi! Carolyn: So? Ama and Abi always save seats for each other. Hannah: But Abi went home sick this morning! So Ama couldn't have been saving the seat for her. She was just making up an excuse. Hannah: I think the real reason that she didn't want me to sit with them is that she's jealous. She thinks her boyfriend Matthias has a crush on me, but it isn't true! Carolyn: Well, I didn't know that Abi was off sick. I was in a rehearsal all morning, and actually, Ama was there too, so she probably didn't know either that Abi had gone home. Carolyn: Besides, we sat with her and Matthias at lunch yesterday and that didn't bother her. So I don't think she's jealous of you.
Hannah: I wanted to sit at the table with Ama. Is that correct?",Yes,Yes.,why?,,"Because she explicitly tried to sit there: she approached Ama and said, “Can I sit here?”—the free chair was next to Ama and Matthias. Later she told Carolyn, “I asked if I could sit at the table with her and Matthias and their friends,” showing that was the table she wanted.",,,2,I,
H_3,You will be provided a story. At the end there is a yes/no question. Please answer as accurately as possible.,"Meet Hannah. She is late for the lunch break and when she comes in, all the places are taken. Then, she discovers there is a free chair next to Ama and her boyfriend, Matthias. Hannah: Hi guys, I'm late, can I sit here? Ama: Oh actually, I was saving that seat for Abi. Hannah: Oh, okay. Ama: Sorry! Hannah meets Carolyn. Hannah: Hey Carolyn, can I sit here? Carolyn: Sure. Carolyn: Hey are you OK? You look a bit upset. Hannah: Yeah I'm alright, it's just that Ama is so mean sometimes. Carolyn: What happened? Hannah: Well, I came in to lunch a bit late, and there were hardly any seats left, but when I asked if I could sit at the table with her and Matthias and their friends, Ama said she was saving the seat for Abi! Carolyn: So? Ama and Abi always save seats for each other. Hannah: But Abi went home sick this morning! So Ama couldn't have been saving the seat for her. She was just making up an excuse. Hannah: I think the real reason that she didn't want me to sit with them is that she's jealous. She thinks her boyfriend Matthias has a crush on me, but it isn't true! Carolyn: Well, I didn't know that Abi was off sick. I was in a rehearsal all morning, and actually, Ama was there too, so she probably didn't know either that Abi had gone home. Carolyn: Besides, we sat with her and Matthias at lunch yesterday and that didn't bother her. So I don't think she's jealous of you.
Ama: I knew that Abi had gone home sick. Is this true?",No,No.,why?,,"Because the story suggests she didn’t know. Carolyn says she and Ama were in rehearsal all morning and probably hadn’t heard Abi went home, and Ama was “saving the seat for Abi,” which she wouldn’t do if she knew Abi was already gone. So her claim to have known isn’t supported and conflicts with her behavior.",,,2,I,
H_3,You will be provided a story. At the end there is a yes/no question. Please answer as accurately as possible.,"Meet Hannah. She is late for the lunch break and when she comes in, all the places are taken. Then, she discovers there is a free chair next to Ama and her boyfriend, Matthias. Hannah: Hi guys, I'm late, can I sit here? Ama: Oh actually, I was saving that seat for Abi. Hannah: Oh, okay. Ama: Sorry! Hannah meets Carolyn. Hannah: Hey Carolyn, can I sit here? Carolyn: Sure. Carolyn: Hey are you OK? You look a bit upset. Hannah: Yeah I'm alright, it's just that Ama is so mean sometimes. Carolyn: What happened? Hannah: Well, I came in to lunch a bit late, and there were hardly any seats left, but when I asked if I could sit at the table with her and Matthias and their friends, Ama said she was saving the seat for Abi! Carolyn: So? Ama and Abi always save seats for each other. Hannah: But Abi went home sick this morning! So Ama couldn't have been saving the seat for her. She was just making up an excuse. Hannah: I think the real reason that she didn't want me to sit with them is that she's jealous. She thinks her boyfriend Matthias has a crush on me, but it isn't true! Carolyn: Well, I didn't know that Abi was off sick. I was in a rehearsal all morning, and actually, Ama was there too, so she probably didn't know either that Abi had gone home. Carolyn: Besides, we sat with her and Matthias at lunch yesterday and that didn't bother her. So I don't think she's jealous of you.
Ama: I told Hannah that Abi had gone home sick. Is this true?",No,No,why?,,"Because in the story Ama only tells Hannah, “I was saving that seat for Abi.” She never says Abi went home sick. It’s Hannah who later says Abi went home sick, and Carolyn suggests Ama probably didn’t even know that.",,,2,M,
H_3,You will be provided a story. At the end there is a yes/no question. Please answer as accurately as possible.,"Meet Hannah. She is late for the lunch break and when she comes in, all the places are taken. Then, she discovers there is a free chair next to Ama and her boyfriend, Matthias. Hannah: Hi guys, I'm late, can I sit here? Ama: Oh actually, I was saving that seat for Abi. Hannah: Oh, okay. Ama: Sorry! Hannah meets Carolyn. Hannah: Hey Carolyn, can I sit here? Carolyn: Sure. Carolyn: Hey are you OK? You look a bit upset. Hannah: Yeah I'm alright, it's just that Ama is so mean sometimes. Carolyn: What happened? Hannah: Well, I came in to lunch a bit late, and there were hardly any seats left, but when I asked if I could sit at the table with her and Matthias and their friends, Ama said she was saving the seat for Abi! Carolyn: So? Ama and Abi always save seats for each other. Hannah: But Abi went home sick this morning! So Ama couldn't have been saving the seat for her. She was just making up an excuse. Hannah: I think the real reason that she didn't want me to sit with them is that she's jealous. She thinks her boyfriend Matthias has a crush on me, but it isn't true! Carolyn: Well, I didn't know that Abi was off sick. I was in a rehearsal all morning, and actually, Ama was there too, so she probably didn't know either that Abi had gone home. Carolyn: Besides, we sat with her and Matthias at lunch yesterday and that didn't bother her. So I don't think she's jealous of you.
Carolyn: I thought that Hannah liked Matthias (Ama's boyfriend). Is this correct?",No,No,why?,,"Because the dialogue gives no evidence that Hannah likes Matthias. In fact, Hannah says Ama thinks Matthias has a crush on her “but it isn’t true,” and she never says she likes him; she was just looking for a seat. Carolyn also points out they all sat together yesterday without issue, which undermines any jealousy/romance idea.",,,3,I,
H_3,You will be provided a story. At the end there is a yes/no question. Please answer as accurately as possible.,"Meet Hannah. She is late for the lunch break and when she comes in, all the places are taken. Then, she discovers there is a free chair next to Ama and her boyfriend, Matthias. Hannah: Hi guys, I'm late, can I sit here? Ama: Oh actually, I was saving that seat for Abi. Hannah: Oh, okay. Ama: Sorry! Hannah meets Carolyn. Hannah: Hey Carolyn, can I sit here? Carolyn: Sure. Carolyn: Hey are you OK? You look a bit upset. Hannah: Yeah I'm alright, it's just that Ama is so mean sometimes. Carolyn: What happened? Hannah: Well, I came in to lunch a bit late, and there were hardly any seats left, but when I asked if I could sit at the table with her and Matthias and their friends, Ama said she was saving the seat for Abi! Carolyn: So? Ama and Abi always save seats for each other. Hannah: But Abi went home sick this morning! So Ama couldn't have been saving the seat for her. She was just making up an excuse. Hannah: I think the real reason that she didn't want me to sit with them is that she's jealous. She thinks her boyfriend Matthias has a crush on me, but it isn't true! Carolyn: Well, I didn't know that Abi was off sick. I was in a rehearsal all morning, and actually, Ama was there too, so she probably didn't know either that Abi had gone home. Carolyn: Besides, we sat with her and Matthias at lunch yesterday and that didn't bother her. So I don't think she's jealous of you.
Carolyn: We are friends. I told Hannah that Abi had a rehearsal. Is this correct?",No,No.,why?,,Because you didn’t say Abi had a rehearsal. You told Hannah that you and Ama were in a rehearsal all morning and that you didn’t know Abi had gone home sick. You never claimed Abi had a rehearsal.,,,3,M,
H_3,You will be provided a story. At the end there is a yes/no question. Please answer as accurately as possible.,"Meet Hannah. She is late for the lunch break and when she comes in, all the places are taken. Then, she discovers there is a free chair next to Ama and her boyfriend, Matthias. Hannah: Hi guys, I'm late, can I sit here? Ama: Oh actually, I was saving that seat for Abi. Hannah: Oh, okay. Ama: Sorry! Hannah meets Carolyn. Hannah: Hey Carolyn, can I sit here? Carolyn: Sure. Carolyn: Hey are you OK? You look a bit upset. Hannah: Yeah I'm alright, it's just that Ama is so mean sometimes. Carolyn: What happened? Hannah: Well, I came in to lunch a bit late, and there were hardly any seats left, but when I asked if I could sit at the table with her and Matthias and their friends, Ama said she was saving the seat for Abi! Carolyn: So? Ama and Abi always save seats for each other. Hannah: But Abi went home sick this morning! So Ama couldn't have been saving the seat for her. She was just making up an excuse. Hannah: I think the real reason that she didn't want me to sit with them is that she's jealous. She thinks her boyfriend Matthias has a crush on me, but it isn't true! Carolyn: Well, I didn't know that Abi was off sick. I was in a rehearsal all morning, and actually, Ama was there too, so she probably didn't know either that Abi had gone home. Carolyn: Besides, we sat with her and Matthias at lunch yesterday and that didn't bother her. So I don't think she's jealous of you.
Ama: I told Hannah she couldn't sit with us because I was keeping that seat for Abi. Is this true?",Yes,Yes.,why?,,"Because in the story Ama explicitly says to Hannah, “I was saving that seat for Abi,” so it’s true that she told her that. Whether Abi was actually coming is unclear—Hannah says Abi went home sick, but Carolyn suggests Ama likely didn’t know that.",,,3,M,
H_3,You will be provided a story. At the end there is a yes/no question. Please answer as accurately as possible.,"Meet Hannah. She is late for the lunch break and when she comes in, all the places are taken. Then, she discovers there is a free chair next to Ama and her boyfriend, Matthias. Hannah: Hi guys, I'm late, can I sit here? Ama: Oh actually, I was saving that seat for Abi. Hannah: Oh, okay. Ama: Sorry! Hannah meets Carolyn. Hannah: Hey Carolyn, can I sit here? Carolyn: Sure. Carolyn: Hey are you OK? You look a bit upset. Hannah: Yeah I'm alright, it's just that Ama is so mean sometimes. Carolyn: What happened? Hannah: Well, I came in to lunch a bit late, and there were hardly any seats left, but when I asked if I could sit at the table with her and Matthias and their friends, Ama said she was saving the seat for Abi! Carolyn: So? Ama and Abi always save seats for each other. Hannah: But Abi went home sick this morning! So Ama couldn't have been saving the seat for her. She was just making up an excuse. Hannah: I think the real reason that she didn't want me to sit with them is that she's jealous. She thinks her boyfriend Matthias has a crush on me, but it isn't true! Carolyn: Well, I didn't know that Abi was off sick. I was in a rehearsal all morning, and actually, Ama was there too, so she probably didn't know either that Abi had gone home. Carolyn: Besides, we sat with her and Matthias at lunch yesterday and that didn't bother her. So I don't think she's jealous of you.
Hannah: I thought Ama knew that Abi had gone home sick. Is this true?",Yes,No.,why?,,Because Carolyn says Ama was in rehearsal with her all morning and “probably didn’t know” Abi had gone home sick. So there’s no evidence Ama knew; she may have genuinely been saving the seat as she and Abi usually do.,,,3,I,
H_3,You will be provided a story. At the end there is a yes/no question. Please answer as accurately as possible.,"Meet Hannah. She is late for the lunch break and when she comes in, all the places are taken. Then, she discovers there is a free chair next to Ama and her boyfriend, Matthias. Hannah: Hi guys, I'm late, can I sit here? Ama: Oh actually, I was saving that seat for Abi. Hannah: Oh, okay. Ama: Sorry! Hannah meets Carolyn. Hannah: Hey Carolyn, can I sit here? Carolyn: Sure. Carolyn: Hey are you OK? You look a bit upset. Hannah: Yeah I'm alright, it's just that Ama is so mean sometimes. Carolyn: What happened? Hannah: Well, I came in to lunch a bit late, and there were hardly any seats left, but when I asked if I could sit at the table with her and Matthias and their friends, Ama said she was saving the seat for Abi! Carolyn: So? Ama and Abi always save seats for each other. Hannah: But Abi went home sick this morning! So Ama couldn't have been saving the seat for her. She was just making up an excuse. Hannah: I think the real reason that she didn't want me to sit with them is that she's jealous. She thinks her boyfriend Matthias has a crush on me, but it isn't true! Carolyn: Well, I didn't know that Abi was off sick. I was in a rehearsal all morning, and actually, Ama was there too, so she probably didn't know either that Abi had gone home. Carolyn: Besides, we sat with her and Matthias at lunch yesterday and that didn't bother her. So I don't think she's jealous of you.
Carolyn: I hoped Hannah would understand that Ama didn't know that Abi had gone home sick. Is this correct?",Yes,Yes,why?,,"Because Carolyn explains that she herself didn’t know Abi was sick and that Ama had been in rehearsal with her all morning, so Ama probably didn’t know either. She’s offering this to show Ama’s “saving the seat” could have been genuine, not a lie, and also notes there was no jealousy yesterday—so she wants Hannah to understand Ama likely didn’t know about Abi going home.",,,4,I,
H_3,You will be provided a story. At the end there is a yes/no question. Please answer as accurately as possible.,"Meet Hannah. She is late for the lunch break and when she comes in, all the places are taken. Then, she discovers there is a free chair next to Ama and her boyfriend, Matthias. Hannah: Hi guys, I'm late, can I sit here? Ama: Oh actually, I was saving that seat for Abi. Hannah: Oh, okay. Ama: Sorry! Hannah meets Carolyn. Hannah: Hey Carolyn, can I sit here? Carolyn: Sure. Carolyn: Hey are you OK? You look a bit upset. Hannah: Yeah I'm alright, it's just that Ama is so mean sometimes. Carolyn: What happened? Hannah: Well, I came in to lunch a bit late, and there were hardly any seats left, but when I asked if I could sit at the table with her and Matthias and their friends, Ama said she was saving the seat for Abi! Carolyn: So? Ama and Abi always save seats for each other. Hannah: But Abi went home sick this morning! So Ama couldn't have been saving the seat for her. She was just making up an excuse. Hannah: I think the real reason that she didn't want me to sit with them is that she's jealous. She thinks her boyfriend Matthias has a crush on me, but it isn't true! Carolyn: Well, I didn't know that Abi was off sick. I was in a rehearsal all morning, and actually, Ama was there too, so she probably didn't know either that Abi had gone home. Carolyn: Besides, we sat with her and Matthias at lunch yesterday and that didn't bother her. So I don't think she's jealous of you.
Carolyn: When Hannah sat down with me, I immediately saw something was wrong, so I asked her what was up.",Yes,Yes,why?,,"Because the story says Carolyn immediately noticed Hannah looked upset and asked what was wrong: “Hey, are you OK? You look a bit upset,” and later, “I immediately saw something was wrong, so I asked her what was up.”",,,4,M,
H_3,You will be provided a story. At the end there is a yes/no question. Please answer as accurately as possible.,"Meet Hannah. She is late for the lunch break and when she comes in, all the places are taken. Then, she discovers there is a free chair next to Ama and her boyfriend, Matthias. Hannah: Hi guys, I'm late, can I sit here? Ama: Oh actually, I was saving that seat for Abi. Hannah: Oh, okay. Ama: Sorry! Hannah meets Carolyn. Hannah: Hey Carolyn, can I sit here? Carolyn: Sure. Carolyn: Hey are you OK? You look a bit upset. Hannah: Yeah I'm alright, it's just that Ama is so mean sometimes. Carolyn: What happened? Hannah: Well, I came in to lunch a bit late, and there were hardly any seats left, but when I asked if I could sit at the table with her and Matthias and their friends, Ama said she was saving the seat for Abi! Carolyn: So? Ama and Abi always save seats for each other. Hannah: But Abi went home sick this morning! So Ama couldn't have been saving the seat for her. She was just making up an excuse. Hannah: I think the real reason that she didn't want me to sit with them is that she's jealous. She thinks her boyfriend Matthias has a crush on me, but it isn't true! Carolyn: Well, I didn't know that Abi was off sick. I was in a rehearsal all morning, and actually, Ama was there too, so she probably didn't know either that Abi had gone home. Carolyn: Besides, we sat with her and Matthias at lunch yesterday and that didn't bother her. So I don't think she's jealous of you.
Ama: I thought that my boyfriend, Matthias, believed that Hannah liked him. Is this true?",No,No.,why?,,Because nothing in the story suggests Matthias thinks Hannah likes him. The only suspicion raised is Hannahâs guess that Ama is jealous because she thinks Matthias likes Hannahâan idea Carolyn disputesâand thereâs no indication from Matthias about his beliefs at all.,,,4,I,
H_3,You will be provided a story. At the end there is a yes/no question. Please answer as accurately as possible.,"Meet Hannah. She is late for the lunch break and when she comes in, all the places are taken. Then, she discovers there is a free chair next to Ama and her boyfriend, Matthias. Hannah: Hi guys, I'm late, can I sit here? Ama: Oh actually, I was saving that seat for Abi. Hannah: Oh, okay. Ama: Sorry! Hannah meets Carolyn. Hannah: Hey Carolyn, can I sit here? Carolyn: Sure. Carolyn: Hey are you OK? You look a bit upset. Hannah: Yeah I'm alright, it's just that Ama is so mean sometimes. Carolyn: What happened? Hannah: Well, I came in to lunch a bit late, and there were hardly any seats left, but when I asked if I could sit at the table with her and Matthias and their friends, Ama said she was saving the seat for Abi! Carolyn: So? Ama and Abi always save seats for each other. Hannah: But Abi went home sick this morning! So Ama couldn't have been saving the seat for her. She was just making up an excuse. Hannah: I think the real reason that she didn't want me to sit with them is that she's jealous. She thinks her boyfriend Matthias has a crush on me, but it isn't true! Carolyn: Well, I didn't know that Abi was off sick. I was in a rehearsal all morning, and actually, Ama was there too, so she probably didn't know either that Abi had gone home. Carolyn: Besides, we sat with her and Matthias at lunch yesterday and that didn't bother her. So I don't think she's jealous of you.
Hannah: I told Ama that Abi was sick, so she had gone home, and that she no longer had to keep that chair free for her. Is this true?",No,No,why?,,"Because in the story Hannah never tells Ama that Abi went home sick. With Ama she only says âOh, okayâ and moves on; she mentions Abiâs sickness only to Carolyn afterward.",,,4,M,
H_3,You will be provided a story. At the end there is a yes/no question. Please answer as accurately as possible.,"Meet Hannah. She is late for the lunch break and when she comes in, all the places are taken. Then, she discovers there is a free chair next to Ama and her boyfriend, Matthias. Hannah: Hi guys, I'm late, can I sit here? Ama: Oh actually, I was saving that seat for Abi. Hannah: Oh, okay. Ama: Sorry! Hannah meets Carolyn. Hannah: Hey Carolyn, can I sit here? Carolyn: Sure. Carolyn: Hey are you OK? You look a bit upset. Hannah: Yeah I'm alright, it's just that Ama is so mean sometimes. Carolyn: What happened? Hannah: Well, I came in to lunch a bit late, and there were hardly any seats left, but when I asked if I could sit at the table with her and Matthias and their friends, Ama said she was saving the seat for Abi! Carolyn: So? Ama and Abi always save seats for each other. Hannah: But Abi went home sick this morning! So Ama couldn't have been saving the seat for her. She was just making up an excuse. Hannah: I think the real reason that she didn't want me to sit with them is that she's jealous. She thinks her boyfriend Matthias has a crush on me, but it isn't true! Carolyn: Well, I didn't know that Abi was off sick. I was in a rehearsal all morning, and actually, Ama was there too, so she probably didn't know either that Abi had gone home. Carolyn: Besides, we sat with her and Matthias at lunch yesterday and that didn't bother her. So I don't think she's jealous of you.
Hannah: I didn't believe that Matthias (Ama's boyfriend) really liked me. I wanted Carolyn to know that. Is this correct?",Yes,Yes,why?,,"Because Hannah explicitly told Carolyn, âShe thinks her boyfriend Matthias has a crush on me, but it isnât true.â That shows Hannah doesnât believe Matthias likes her, and by saying it to Carolyn she was making sure Carolyn knew that.",,,5,I,
H_3,You will be provided a story. At the end there is a yes/no question. Please answer as accurately as possible.,"Meet Hannah. She is late for the lunch break and when she comes in, all the places are taken. Then, she discovers there is a free chair next to Ama and her boyfriend, Matthias. Hannah: Hi guys, I'm late, can I sit here? Ama: Oh actually, I was saving that seat for Abi. Hannah: Oh, okay. Ama: Sorry! Hannah meets Carolyn. Hannah: Hey Carolyn, can I sit here? Carolyn: Sure. Carolyn: Hey are you OK? You look a bit upset. Hannah: Yeah I'm alright, it's just that Ama is so mean sometimes. Carolyn: What happened? Hannah: Well, I came in to lunch a bit late, and there were hardly any seats left, but when I asked if I could sit at the table with her and Matthias and their friends, Ama said she was saving the seat for Abi! Carolyn: So? Ama and Abi always save seats for each other. Hannah: But Abi went home sick this morning! So Ama couldn't have been saving the seat for her. She was just making up an excuse. Hannah: I think the real reason that she didn't want me to sit with them is that she's jealous. She thinks her boyfriend Matthias has a crush on me, but it isn't true! Carolyn: Well, I didn't know that Abi was off sick. I was in a rehearsal all morning, and actually, Ama was there too, so she probably didn't know either that Abi had gone home. Carolyn: Besides, we sat with her and Matthias at lunch yesterday and that didn't bother her. So I don't think she's jealous of you.
Ama: I'm in Matthias' class. Normally I always save a seat for Abi, but not today, because she was sick. I told all this to Hannah. Is this correct?",No,No.,why?,,"Because in the lunch scene Ama tells Hannah, âI was saving that seat for Abi.â That contradicts ânot today, because she was sick,â and thereâs no point where Ama tells Hannah that explanation. In fact, Carolyn suggests Ama probably didnât even know Abi had gone home sick.",,,5,M,
H_3,You will be provided a story. At the end there is a yes/no question. Please answer as accurately as possible.,"Meet Hannah. She is late for the lunch break and when she comes in, all the places are taken. Then, she discovers there is a free chair next to Ama and her boyfriend, Matthias. Hannah: Hi guys, I'm late, can I sit here? Ama: Oh actually, I was saving that seat for Abi. Hannah: Oh, okay. Ama: Sorry! Hannah meets Carolyn. Hannah: Hey Carolyn, can I sit here? Carolyn: Sure. Carolyn: Hey are you OK? You look a bit upset. Hannah: Yeah I'm alright, it's just that Ama is so mean sometimes. Carolyn: What happened? Hannah: Well, I came in to lunch a bit late, and there were hardly any seats left, but when I asked if I could sit at the table with her and Matthias and their friends, Ama said she was saving the seat for Abi! Carolyn: So? Ama and Abi always save seats for each other. Hannah: But Abi went home sick this morning! So Ama couldn't have been saving the seat for her. She was just making up an excuse. Hannah: I think the real reason that she didn't want me to sit with them is that she's jealous. She thinks her boyfriend Matthias has a crush on me, but it isn't true! Carolyn: Well, I didn't know that Abi was off sick. I was in a rehearsal all morning, and actually, Ama was there too, so she probably didn't know either that Abi had gone home. Carolyn: Besides, we sat with her and Matthias at lunch yesterday and that didn't bother her. So I don't think she's jealous of you.
Carolyn: Ama hoped Hannah would join them at the table. I thought she would understand. Is this correct?",No,No,why?,,"Because Ama told Hannah the seat was saved for Abi and didnât let her sit. Given Ama had been in rehearsal and likely didnât know Abi had gone home sick, she genuinely believed Abi would be joining. So thereâs no indication Ama hoped Hannah would join them; her actions show the opposite.",,,5,I,
H_3,You will be provided a story. At the end there is a yes/no question. Please answer as accurately as possible.,"Meet Hannah. She is late for the lunch break and when she comes in, all the places are taken. Then, she discovers there is a free chair next to Ama and her boyfriend, Matthias. Hannah: Hi guys, I'm late, can I sit here? Ama: Oh actually, I was saving that seat for Abi. Hannah: Oh, okay. Ama: Sorry! Hannah meets Carolyn. Hannah: Hey Carolyn, can I sit here? Carolyn: Sure. Carolyn: Hey are you OK? You look a bit upset. Hannah: Yeah I'm alright, it's just that Ama is so mean sometimes. Carolyn: What happened? Hannah: Well, I came in to lunch a bit late, and there were hardly any seats left, but when I asked if I could sit at the table with her and Matthias and their friends, Ama said she was saving the seat for Abi! Carolyn: So? Ama and Abi always save seats for each other. Hannah: But Abi went home sick this morning! So Ama couldn't have been saving the seat for her. She was just making up an excuse. Hannah: I think the real reason that she didn't want me to sit with them is that she's jealous. She thinks her boyfriend Matthias has a crush on me, but it isn't true! Carolyn: Well, I didn't know that Abi was off sick. I was in a rehearsal all morning, and actually, Ama was there too, so she probably didn't know either that Abi had gone home. Carolyn: Besides, we sat with her and Matthias at lunch yesterday and that didn't bother her. So I don't think she's jealous of you.
Hannah: I asked if I could sit with Ama and her friends, but in the end I sat with Carolyn, because Ama said she was keeping the seat for Abi. Is this correct?",Yes,Yes.,why?,,"Because thatâs exactly what the story says: Hannah asked to sit by Ama and Matthias, Ama told her the seat was being saved for Abi, so Hannah went and sat with Carolyn instead. Whether Abi was actually coming back doesnât change that Ama said the seat was for her, which is the reason Hannah gives.",,,5,M,
